date,day_of_year,mean_point_wh,p10_point_wh,p50_point_wh,p90_point_wh,mean_q10_wh,p10_q10_wh,p50_q10_wh,p90_q10_wh,analog_days_used
2026-05-16,136,85841.15471289062,37858.003125,90472.90625,120946.6953125,57118.86023608399,16693.904296875,52416.80078125,101134.7578125,254
2026-05-17,137,87021.47971484375,40566.4921875,90676.8125,120785.2578125,58054.3611472168,18447.011914062507,52627.75,101134.7578125,253
2026-05-18,138,88251.45690234375,41733.83203125,91138.7734375,120887.0078125,59036.081125,18707.99609375,53266.44140625,101134.7578125,253
2026-05-19,139,87300.8368125,42843.8046875,90786.8984375,119965.578125,57915.59051171875,19292.9958984375,53212.0234375,101484.0078125,254
2026-05-20,140,87019.82790722656,38657.79882812501,90862.578125,120785.2578125,58483.30680639648,16833.198632812502,52757.6640625,102594.84375,250
2026-05-21,141,88091.36672363282,41733.83203125,90917.62109375,120795.4328125,59271.926706054684,19312.4296875,53652.203125,103693.8828125,255
2026-05-22,142,87231.5041689453,41733.83203125,91138.7734375,121338.953125,58732.14885522461,17559.6796875,53266.44140625,104057.35078125002,254
2026-05-23,143,86375.08652539062,39163.8359375,90520.86328125,120615.4140625,57611.05706005859,17559.6796875,52205.8515625,101993.6953125,254
2026-05-24,144,86906.73377050781,40566.4921875,90520.86328125,121338.953125,58374.77440234375,17631.4765625,52205.8515625,103693.8828125,254
2026-05-25,145,89385.55089453125,43882.1171875,94205.1640625,120887.0078125,60269.53465820313,21083.726171875005,56601.93359375,101534.97656250001,250
2026-05-26,146,88666.42100976562,42843.8046875,93707.8671875,121827.3671875,59499.89748681641,20453.986328125,53249.98828125,103979.3359375,253
2026-05-27,147,90034.73808886719,43882.1171875,95379.328125,121338.953125,61098.313662597655,21083.726171875005,58508.81640625,106567.515625,251
2026-05-28,148,89024.13013378906,39163.8359375,95054.734375,120892.9765625,60098.44564892578,17559.6796875,58985.0390625,101993.6953125,252
2026-05-29,149,89927.84373339843,43882.1171875,95054.734375,120785.2578125,61148.21954003906,19798.1640625,58508.81640625,102053.81015625001,252
2026-05-30,150,90257.6279609375,48505.1953125,94534.125,120887.0078125,61374.416325195314,20221.179882812503,58257.6171875,103979.3359375,250
2026-05-31,151,88121.62296484374,42707.590234375,93581.8125,119303.03125,59483.69201220703,19118.091796875,55618.60546875,101134.7578125,249
2026-06-01,152,89047.90392675782,42843.8046875,94618.92578125,119406.53593750001,59914.12373193359,20202.921093750003,57396.578125,98585.12578125003,253
2026-06-02,153,87603.23276269532,39121.4375,92104.7890625,120946.6953125,59576.50527197266,17631.4765625,56601.93359375,101993.6953125,250
2026-06-03,154,89710.42600390625,47520.57460937502,95912.3359375,119892.21875,61185.56255664062,22000.074804687505,58985.0390625,101993.6953125,253
2026-06-04,155,89277.79530566407,43095.31953125,95912.3359375,119727.5546875,60595.23235644531,19615.576171875,58257.6171875,100495.953125,252
2026-06-05,156,88543.01291113281,42832.521484375,94979.75,119965.578125,60123.63273632812,19565.827734375,58257.6171875,100645.72734375004,256
2026-06-06,157,89370.03952832031,42497.1484375,95868.3203125,120001.5859375,60950.45573046875,19118.091796875,59646.19140625,101134.7578125,251
2026-06-07,158,89423.49399121094,42497.1484375,96898.0546875,119969.17890625,61324.88576855469,19100.6802734375,61401.28125,101993.6953125,254
2026-06-08,159,88817.16820898438,40426.22656250001,96681.984375,119965.578125,61279.05996679688,17631.4765625,60028.546875,103979.3359375,251
2026-06-09,160,89129.16323535156,38739.8515625,96704.2109375,119432.078125,61072.63546289063,17559.6796875,61141.546875,101134.7578125,248
2026-06-10,161,89638.09079394532,43123.265625,96898.0546875,120001.5859375,62006.288672851566,21271.58984375,61337.45703125,102569.81640625,253
2026-06-11,162,87362.643734375,40566.4921875,96681.984375,118801.2734375,59849.197466796875,16693.904296875,60028.546875,100006.53125,253
2026-06-12,163,87102.80938867187,32875.5234375,96681.984375,118642.0390625,59283.89956933594,15943.04296875,59432.18359375,97810.93828125001,252
2026-06-13,164,87628.17645117188,44559.272265625004,95054.734375,118481.890625,59367.63953222656,22081.017578125,58872.15234375,99475.8515625,253
2026-06-14,165,85337.98488378906,35104.97265625,94703.7265625,118642.0390625,58041.781734375,15783.619140625,58093.1171875,100055.47343750001,254
2026-06-15,166,87312.97895214843,45348.87890625,94703.7265625,118481.890625,58790.673275390625,22081.017578125,58093.1171875,97735.9140625,254
2026-06-16,167,86254.7207138672,43123.265625,94703.7265625,118642.0390625,58472.71604296875,19615.576171875,57559.265625,101275.20781250003,254
2026-06-17,168,87046.87683007812,45270.47070312501,95012.484375,117925.80078125001,58992.408583984376,20899.876953125,58508.81640625,98486.15625,254
2026-06-18,169,85150.54215234375,39191.085546875,91123.7265625,118481.890625,56911.93436621094,19100.6802734375,55586.3359375,98585.12578125003,252
2026-06-19,170,84985.10442382813,42497.1484375,89857.734375,117308.71406250002,56882.207215820315,19118.091796875,53212.0234375,96828.546875,251
2026-06-20,171,84518.71529492187,42730.97265625,89237.3046875,118407.96875,56223.56192578125,19480.48046875,52757.6640625,96919.28359375002,251
2026-06-21,172,86371.75864648438,43882.1171875,94534.125,117730.26640625,58192.42887695313,19615.576171875,58175.85546875,96343.359375,248
2026-06-22,173,83062.68668261719,35996.480078125,88548.90625,118407.96875,55300.72993945312,15783.619140625,50628.43359375,95592.140625,254
2026-06-23,174,84211.6669140625,35996.480078125,89236.8515625,117308.71406250002,55903.02056347656,17099.885742187507,51141.328125,95298.15625,249
2026-06-24,175,82740.394921875,38045.8671875,88744.9609375,116429.21875,54477.23044238281,15943.04296875,51141.328125,95096.2109375,253
2026-06-25,176,85270.65851953125,44345.599609375,88857.78125,116429.21875,56389.28538574219,19615.576171875,52757.6640625,94631.4140625,252
2026-06-26,177,82721.36582519532,43167.51328125,88079.859375,115959.0546875,54119.8718203125,20015.2421875,49422.4453125,93555.40937500002,255
2026-06-27,178,82566.21137792969,42707.590234375,86562.578125,115746.625,53382.482944335934,18943.9765625,48346.3515625,91561.2421875,253
2026-06-28,179,81827.53583691406,42730.97265625,86095.7578125,115047.74921875,52835.86647070313,19615.576171875,48088.17578125,89676.21328125002,252
2026-06-29,180,81538.01367578124,36030.796875,86562.578125,114959.5234375,52830.52783789062,17386.8046875,49525.49609375,89610.484375,253
2026-06-30,181,81480.35888769531,38045.8671875,86562.578125,115032.46875,52500.25728808594,17386.8046875,49473.970703125,89610.484375,255
2026-07-01,182,78855.17744628906,34454.94960937501,82281.40625,112852.99453125002,50258.195178710936,15943.04296875,46310.5234375,88056.3359375,253
2026-07-02,183,80862.34198242187,42556.76367187501,84437.83984375,115431.375,52056.47179003906,19463.473828125,46993.69140625,89676.21328125002,252
2026-07-03,184,80982.62843945312,39241.22265625,86443.5625,112679.7578125,51665.88068359375,18943.9765625,48914.6796875,86152.70078125004,253
2026-07-04,185,80457.72404785156,36754.85546875,83951.58203125,112205.0703125,51879.39081542969,18856.407421875007,47486.01953125,88425.515625,253
2026-07-05,186,80510.10069042968,36030.796875,86443.5625,113594.390625,52118.86424316406,17228.423828125,49473.970703125,89581.98671875,257
2026-07-06,187,80068.3067578125,36754.85546875,84891.27734375,112205.0703125,51666.06632324219,17228.423828125,47824.212890625,88101.421875,255
2026-07-07,188,81492.34379101562,39098.85664062501,85864.4765625,112770.6171875,52587.70061035156,17228.423828125,49422.4453125,89578.8203125,249
2026-07-08,189,80735.92317089844,40988.8828125,85006.1015625,112514.1859375,51981.606659179684,19961.766015625002,48186.982421875,88101.421875,254
2026-07-09,190,79323.43388671875,36754.85546875,83984.890625,111249.515625,50594.160911132814,17228.423828125,47221.109375,83742.1953125,256
2026-07-10,191,80374.16139648437,44474.9140625,84890.7890625,109551.375,51153.430908203125,20015.2421875,47511.8203125,83189.453125,255
2026-07-11,192,79125.3896376953,39241.22265625,83984.890625,109085.7265625,50277.03825097656,19310.4140625,47107.400390625,83683.796875,255
2026-07-12,193,80992.79728808593,44474.9140625,85169.515625,109538.3984375,51684.97420507813,20899.876953125,49525.49609375,83689.63671875,248
2026-07-13,194,79583.56722851562,39215.85546875,84115.671875,109551.375,50459.472849609374,18943.9765625,46993.69140625,83028.1953125,254
2026-07-14,195,79917.20808789063,44397.09765625,85006.1015625,108732.5859375,50719.34875585938,20015.2421875,47560.25,82572.56328125001,248
2026-07-15,196,79364.63743554687,44634.51171875,83918.2734375,107582.7109375,50081.46422460937,20923.951171875,47560.25,79852.26328125001,252
2026-07-16,197,79738.03121972656,44634.51171875,82281.40625,107179.875,50417.57956542969,21469.353515625,46895.3125,81971.3984375,252
2026-07-17,198,79717.37130273438,44274.63085937501,84050.28125,108474.46875,50607.16841210938,20364.705078125,47221.109375,80655.3359375,251
2026-07-18,199,79311.49681640624,44618.551953125,84050.28125,107582.7109375,50253.626525390624,20364.705078125,47560.25,82521.9375,256
2026-07-19,200,79756.76549902344,47214.85546875,82119.453125,107682.6484375,50912.55340625,22820.137890625003,47221.109375,83683.796875,254
2026-07-20,201,79496.0509375,44618.551953125,83918.2734375,107582.7109375,50556.79485980225,20923.951171875,47498.919921875,83189.453125,253
2026-07-21,202,78091.06797753906,43172.4296875,82281.40625,105492.28125,49223.743101226806,20114.103515625,47221.109375,79852.26328125001,256
2026-07-22,203,78226.96162988282,44397.09765625,81385.6953125,106610.1484375,49074.81514416504,20114.103515625,45923.33203125,83028.1953125,253
2026-07-23,204,78793.97966992187,44397.09765625,82281.40625,106610.1484375,50036.21012893677,20846.359765625002,47511.8203125,83028.1953125,256
2026-07-24,205,80495.61266210937,45073.20703125,84891.27734375,107220.15859375,51732.05940100097,21735.6484375,48908.48046875,83238.88750000001,249
2026-07-25,206,80650.40201269531,48727.27734375,85130.5078125,106695.7578125,51646.3209342041,22868.96484375,50113.70703125,83683.796875,257
2026-07-26,207,79308.85005273437,44182.32421875,84891.765625,106610.1484375,50276.416224853514,20364.705078125,48908.48046875,82587.8203125,249
2026-07-27,208,79176.4169921875,44397.09765625,84456.6171875,106961.8046875,50686.028772705075,20452.841796875,48285.7890625,83144.875,255
2026-07-28,209,79912.62665917969,45073.20703125,85130.5078125,107179.875,51216.685002746584,20923.951171875,49216.98828125,83742.1953125,252
2026-07-29,210,81402.96566894531,50407.482421875,86289.1953125,107582.7109375,52682.350472869875,23317.64453125,50854.70703125,87606.40625,256
2026-07-30,211,80350.86254882812,48473.741015625,85208.5234375,106961.8046875,51555.000892211916,21735.6484375,49525.49609375,83742.1953125,251
2026-07-31,212,79312.29853320312,48479.23828125,82222.421875,105746.2578125,50619.58517541504,21735.6484375,49038.64453125,83144.875,253
2026-08-01,213,80711.21072460938,47337.35546875,86075.9921875,106610.1484375,52132.36728051758,22868.96484375,50795.04296875,83189.453125,254
2026-08-02,214,81115.2582734375,47834.109375,86095.7578125,107592.70468750001,53084.319435577396,22868.96484375,52015.2421875,86672.53515625003,249
2026-08-03,215,80330.23923339843,45747.02734375,85655.48828125,107179.875,52378.88878283691,21219.51953125,50151.59375,87594.0859375,253
2026-08-04,216,79595.9294921875,47823.33671875,84115.671875,107555.0625,51900.784147094724,21735.6484375,49168.80859375,88101.421875,256
2026-08-05,217,79860.24692773438,45747.02734375,84869.484375,106961.8046875,52005.3159654541,21717.837890625,50031.873046875,88101.421875,249
2026-08-06,218,79283.33333398438,45747.02734375,81834.6875,107555.0625,51812.28302481079,20923.951171875,47715.07421875,88844.4765625,252
2026-08-07,219,78378.31410644531,44182.32421875,80849.05859375,106961.8046875,50928.95216329956,20188.935546875,47221.109375,87626.50859375001,252
2026-08-08,220,78619.19230761718,41402.285937500004,83169.046875,106983.61171875,51192.09803302002,20024.556640625,48167.64453125,87606.40625,251
2026-08-09,221,77791.62152539063,40988.8828125,82119.453125,105958.9609375,50522.16704162597,18593.791015625,48908.48046875,87594.0859375,250
2026-08-10,222,78457.58624707031,43768.90625,82222.421875,106961.8046875,50982.350669555664,19953.142382812504,48908.48046875,87807.4296875,253
2026-08-11,223,76564.31414355469,41230.4140625,79502.53125,105493.5625,49382.84893615723,19059.998046875004,45923.33203125,85131.9609375,253
2026-08-12,224,78013.99183398437,44182.32421875,81361.4765625,106961.8046875,50678.00622268677,20063.453515625,47715.07421875,86672.53515625003,250
2026-08-13,225,77251.01092871094,43768.90625,80612.234375,106961.8046875,50227.57048147583,18593.791015625,46751.26171875,87594.0859375,248
2026-08-14,226,77827.99997460938,41222.726953125,81210.3828125,106645.31406250001,50418.80543145752,18593.791015625,46751.26171875,87594.0859375,247
2026-08-15,227,76198.97584667969,41421.3828125,78366.1328125,105958.9609375,49162.2746473999,18593.791015625,44742.1328125,87595.31796875,247
2026-08-16,228,76616.34028222656,41153.54296875,79659.9609375,105958.9609375,49415.7156137085,17934.029296875,45798.5859375,86672.53515625003,246
2026-08-17,229,75524.47225488281,40107.8046875,78400.1875,105492.28125,48302.72437219238,17933.85703125,43993.1328125,85757.3828125,244
2026-08-18,230,75022.58375097657,35198.75390625,78321.69140625,106007.21562500001,48452.1843560791,16075.6767578125,45082.76953125,87626.50859375001,243
2026-08-19,231,74935.50659082031,35377.6640625,78277.25,106961.8046875,48106.13835394287,16726.177734375,43772.984375,87606.40625,238
2026-08-20,232,73486.29309521485,31259.209765625004,76106.046875,107179.875,47486.57284753418,15056.3125,41481.33203125,88217.41562500001,242
2026-08-21,233,73276.48825,35377.6640625,75429.6640625,105314.390625,46695.65686114502,16287.580078125,41365.40625,86672.53515625003,244
2026-08-22,234,74199.20033837891,35413.66015625,77996.1796875,105492.28125,48028.8083828125,16272.7205078125,41968.197265625,87807.4296875,241
2026-08-23,235,73816.18700927735,32547.962890625,77699.765625,105492.28125,47588.264505432126,15286.927734375,42360.375,87626.50859375001,238
2026-08-24,236,72325.86765869141,31610.43359375,77031.7265625,104959.4765625,46405.139995666505,15286.927734375,42173.7578125,85757.3828125,236
2026-08-25,237,72748.24596337891,35094.693945312516,75421.734375,105232.2734375,46423.81422134399,16075.6767578125,40456.45703125,87807.4296875,235
2026-08-26,238,71494.41106103515,30352.8125,76106.046875,104176.25,45385.37667889404,14994.228222656253,40683.16015625,83144.875,236
2026-08-27,239,72432.80757128906,30352.8125,76457.3984375,104855.46875,46315.61582501221,14130.693359375,41521.70703125,86570.140625,236
2026-08-28,240,70431.95091552734,26617.927734375,75158.9765625,104986.75625,44692.49103103638,13001.029296875,40276.9609375,86570.140625,233
2026-08-29,241,71644.33848828125,29775.580078125,75957.2578125,104855.46875,45219.1728085022,13985.494140625,41481.33203125,85131.9609375,237
2026-08-30,242,70992.15719042969,30352.8125,75158.9765625,104220.03125,44694.33710913086,14408.229687500001,39728.15625,83406.12578125006,231
2026-08-31,243,69523.03262792969,26279.19140625,74208.5078125,104959.4765625,43849.566099823,13001.029296875,38299.66015625,83144.875,233
2026-09-01,244,69254.92844726563,25612.587890625,74458.2109375,104176.25,43315.06082177734,11943.279296875,38938.70703125,80705.71875,231
2026-09-02,245,69106.90807568359,24532.802734375,74524.22265625,104855.46875,43990.96098510742,11245.03515625,40276.9609375,85757.3828125,230
2026-09-03,246,67133.31975048828,26617.927734375,70800.375,102861.9375,41555.85224633789,12732.3681640625,36504.66796875,80705.71875,231
2026-09-04,247,67483.09397998046,28375.48828125,71521.45703125,102143.1640625,41735.37501049805,13878.07548828125,37167.9296875,80705.71875,230
2026-09-05,248,66320.00930322266,25612.587890625,70800.375,102149.28046875,40969.50448071289,11784.48955078125,36176.53515625,80081.11953125,225
2026-09-06,249,64075.20714501953,24159.75390625,67550.9375,102239.52031250001,38943.45628881836,10894.6201171875,33490.328125,80569.203125,226
2026-09-07,250,62273.863880859375,21797.025390625,64808.47265625,98372.01015625,37051.085923339844,10366.515625,32410.1630859375,71054.0,225
2026-09-08,251,63479.56306640625,23562.670703125004,67550.9375,100153.4375,38669.89322216797,10321.21875,33558.0,79101.6953125,225
2026-09-09,252,64342.573931640625,25612.587890625,67825.8125,100153.4375,39349.88685839844,11211.7294921875,34663.47265625,78622.60312500004,225
2026-09-10,253,64848.290342773435,22871.611328125,69143.0703125,100153.4375,39653.251208007816,10251.2138671875,35079.23046875,78462.140625,224
2026-09-11,254,61969.3672734375,22871.611328125,65129.16796875,97540.9375,37209.68973925781,10251.2138671875,33120.09375,72087.625,221
2026-09-12,255,62975.82079003906,21797.025390625,67550.9375,98352.3828125,37900.82784619141,10571.031835937501,33191.845703125,72607.68750000001,220
2026-09-13,256,62325.10516943359,21462.263671875,65326.53515625,100034.4609375,38182.47951879883,10157.5048828125,33127.3125,75549.3359375,221
2026-09-14,257,58591.603142578126,20004.98046875,60234.50390625,96384.953125,34311.19489208984,8783.6513671875,29292.38671875,68771.4296875,218
2026-09-15,258,59845.05749267578,21383.2109375,63100.69921875,97289.6796875,35671.95782348633,9491.4541015625,30059.625,72087.625,214
2026-09-16,259,59238.35427929687,20285.244140625,62534.771484375,96900.296875,35204.68281005859,8669.213378906252,30706.53515625,69928.375,218
2026-09-17,260,57142.01075585937,20313.02734375,58740.509765625,96206.5625,33805.158953369144,8783.6513671875,28801.8203125,68903.265625,217
2026-09-18,261,57692.09835009766,21430.94921875,57317.13671875,96384.953125,33873.81946875,9135.81640625,28575.234375,68783.91875,214
2026-09-19,262,58223.761298828125,20387.7291015625,57317.13671875,97004.76171875,35075.228109375,8837.236328125,28845.236328125,72133.69453125002,215
2026-09-20,263,56054.788651855466,20092.77734375,55007.50390625,97000.765625,33127.544274658205,8957.859375,27623.693359375,68960.6875,215
2026-09-21,264,56751.401768554686,20004.98046875,57317.13671875,95099.78984375003,33283.88478198242,8717.0810546875,28408.75390625,65932.03125,215
2026-09-22,265,56975.28993945313,20313.02734375,56745.5078125,96866.9921875,33711.999629638674,8717.0810546875,28408.75390625,68903.265625,210
2026-09-23,266,54716.74907080078,17991.65625,51749.62890625,96206.5625,32435.059266601562,8176.6669921875,23686.99609375,68896.3203125,213
2026-09-24,267,55150.257173828126,16489.781738281254,55007.50390625,95006.65625,32767.767774169923,7776.14599609375,28187.39453125,66493.453125,211
2026-09-25,268,54991.159992675784,17197.480078125,53116.484375,93908.56015625001,33033.10599316406,8206.79765625,27861.390625,66493.453125,213
2026-09-26,269,51055.290092285155,12619.83984375,45988.52734375,93908.56015625001,30251.223640014647,6243.84423828125,21475.8203125,65932.03125,214
2026-09-27,270,53860.20346923828,16887.01171875,52258.546875,95006.65625,32204.183595825194,7848.45166015625,26998.91015625,65988.17343750001,213
2026-09-28,271,52280.021333984376,15815.01953125,46239.15625,93849.3828125,31340.690051513673,7503.73291015625,21545.875,65721.0234375,211
2026-09-29,272,52950.58632128906,17226.466796875,45988.52734375,96384.953125,32110.86805480957,7503.73291015625,21475.8203125,68896.3203125,213
2026-09-30,273,49419.95925683594,12677.3525390625,42227.96484375,91438.328125,28823.91760144043,6657.87451171875,19002.05859375,63528.18359375,212
2026-10-01,274,47431.07483325195,12356.7177734375,40452.4296875,90624.5703125,27281.418960186005,6201.830029296877,17728.353515625,62299.94140625,212
2026-10-02,275,49674.10731469726,13714.29033203125,44123.0,90929.59375,29073.101966056824,6657.87451171875,19484.7236328125,64408.921875,215
2026-10-03,276,47311.54106665039,12619.83984375,41391.66796875,86640.5546875,27239.539743026733,6243.84423828125,18727.7265625,62034.69140625001,212
2026-10-04,277,47207.72312158203,10606.357421875,41391.66796875,88558.671875,27445.244556755068,4481.2763671875,18722.078125,63616.25742187502,214
2026-10-05,278,46881.656319091795,11030.3525390625,42433.46484375,87536.9140625,26728.87144468689,5501.6131347656265,18776.123046875,61673.87109375,215
2026-10-06,279,45971.26334375,10931.943359375,41391.66796875,87322.7734375,26360.057475925445,5025.94970703125,18290.1796875,61673.87109375,213
2026-10-07,280,44026.22501928711,10579.5322265625,39935.109375,86246.84375,25163.707352264406,4355.8115234375,16484.05908203125,60615.96992187502,213
2026-10-08,281,43950.49072143555,11922.048632812503,40054.0078125,83956.4375,24665.51429919052,5273.56640625,16830.130859375,58416.573828125074,213
2026-10-09,282,43962.05678808594,11361.8349609375,41391.66796875,84036.015625,24780.814711162566,5025.94970703125,17864.80859375,58105.5546875,214
2026-10-10,283,43446.71504931641,10579.5322265625,40274.6953125,83308.15625,24531.61397703171,4207.65380859375,17040.17578125,58105.5546875,213
2026-10-11,284,40261.80575317383,9685.3505859375,35933.0,78290.4765625,22534.151480587007,4068.39892578125,13886.302734375,58098.1875,215
2026-10-12,285,40372.33988696289,8793.3388671875,37473.50390625,76272.8125,22423.1211341362,3914.62109375,16222.4228515625,56052.4296875,214
2026-10-13,286,39141.95618237305,7756.4892578125,35933.0,76272.8125,22054.245105709077,3976.257568359375,14496.12109375,56052.4296875,213
2026-10-14,287,38617.086431396485,7400.81689453125,35933.0,76272.8125,21328.463459079743,3757.0283203125,13727.2548828125,49301.47265625,214
2026-10-15,288,38031.03193139649,7050.560644531251,35933.0,73731.9375,20328.582892562867,3463.719970703125,13950.7509765625,47474.54296875,214
2026-10-16,289,37335.23720019531,7000.103515625,34253.13671875,73731.9375,20538.36190768814,3097.769287109375,13549.7548828125,49301.47265625,213
2026-10-17,290,37164.94797192383,7000.103515625,31512.9462890625,73766.3234375,20706.541681137085,3463.719970703125,13252.1611328125,49301.47265625,214
2026-10-18,291,36996.76689624023,7000.103515625,33296.4375,75029.71875,20526.848378643037,3031.4373291015627,13277.1083984375,49301.47265625,215
2026-10-19,292,37442.768150634765,6630.34130859375,34823.15625,75029.71875,20936.789333610534,3174.563061523438,13727.2548828125,51302.0078125,215
2026-10-20,293,33768.321361328126,5931.3779296875,28772.3349609375,72989.1875,18476.912906833648,2792.86181640625,11523.458984375,47535.470703125015,211
2026-10-21,294,33188.397916503905,6222.5693359375,27595.3134765625,72854.171875,18166.108954711915,2667.2265625,10276.1103515625,49275.203125,212
2026-10-22,295,32255.336463134765,5797.66796875,24253.794921875,70934.7890625,17616.874457252503,2589.559814453125,9702.716796875,47474.54296875,213
2026-10-23,296,31019.0228125,5494.29541015625,23253.68359375,66130.60078125005,16836.953513599397,2599.212646484375,9547.953125,46447.4453125,214
2026-10-24,297,31029.993416015626,4760.240234375,24253.794921875,68045.5546875,16885.436622776033,2441.851318359375,9702.716796875,44040.1328125,212
2026-10-25,298,30176.89006298828,4760.240234375,23610.7900390625,65917.828125,16249.802641593933,2441.851318359375,9135.81640625,41131.57421875,215
2026-10-26,299,29272.12484008789,4303.25048828125,21980.83203125,65597.21875,15386.59244681549,2299.5569335937507,8772.09033203125,38021.6640625,215
2026-10-27,300,28515.741142089842,4258.06103515625,20229.611328125,62447.283984375004,15366.324797023773,2312.443359375,8332.6611328125,38732.81640625,215
2026-10-28,301,27738.11309692383,4155.798510742188,17991.65625,62602.453125,14807.101701816558,1995.9166259765625,7762.0107421875,37548.6328125,213
2026-10-29,302,26782.386165771484,4252.647119140625,18307.90625,59848.84726562501,13993.069071216583,2183.5791015625,7631.42919921875,33470.75,214
2026-10-30,303,26450.817791015626,3980.44287109375,16417.16796875,62190.64648437501,14332.1498514328,1995.08837890625,6500.0732421875,37587.18906250001,213
2026-10-31,304,26739.28871923828,4113.12060546875,18745.5869140625,61324.5390625,14113.455188327789,1942.192626953125,7762.0107421875,34949.15234375,214
2026-11-01,305,25476.184264892578,4051.296118164063,17500.50390625,61324.5390625,13470.334657806396,1827.8114013671875,7390.66552734375,34949.15234375,215
2026-11-02,306,22686.156860595704,3811.47119140625,13629.759765625,57797.520703125,11527.593807220459,1723.801574707032,5531.2412109375,28978.828125,213
2026-11-03,307,23721.42730944824,3811.47119140625,13870.7314453125,55880.97070312505,11876.272824317932,1778.6773681640625,5974.5009765625,28257.28300781252,212
2026-11-04,308,21882.341219482423,3277.5498046875,13365.5048828125,55171.79296875,11146.769234725953,1551.8004150390625,5438.5244140625,30215.97265625,213
2026-11-05,309,21771.75258251953,3277.0899658203125,13493.345703125,54376.41015625,10907.929843730926,1551.103515625,5438.5244140625,27723.908203125,211
2026-11-06,310,19510.449759643554,3170.446533203125,11953.4619140625,48258.05859375,9481.180340309144,1474.8098388671876,5116.61669921875,24988.298242187513,212
2026-11-07,311,20216.247680664062,3694.248291015625,13629.759765625,48438.16796875,9468.260582805633,1620.4422607421875,5168.52685546875,24126.637304687505,213
2026-11-08,312,19993.762439819337,3272.951416015625,12396.2275390625,51496.93359375,9395.289978435516,1475.9879150390625,4985.092041015625,24288.431640625,214
2026-11-09,313,19566.417944824218,3277.0899658203125,12445.2509765625,46735.83203125,9125.036525684356,1551.103515625,5118.56005859375,23660.95585937501,214
2026-11-10,314,19342.89019055176,2951.921020507813,11361.8349609375,48275.851953125006,9082.255859958648,1459.0672119140627,4766.828125,24929.5390625,213
2026-11-11,315,18075.996611206054,2957.55712890625,10339.7939453125,46090.46484375,8544.388239391326,1417.0352783203125,4073.19873046875,23611.2109375,212
2026-11-12,316,17626.14927331543,2957.55712890625,10329.482421875,46735.83203125,8344.98740699005,1463.7374267578125,4068.39892578125,23611.2109375,212
2026-11-13,317,18790.641267578125,2901.0508544921877,10488.697265625,48258.05859375,8985.65002331543,1417.0352783203125,4036.7525634765625,24929.5390625,213
2026-11-14,318,16626.198871704102,2862.35693359375,9532.7587890625,45148.53515625,7698.147762680053,1145.090576171875,3792.3466796875,21579.919921875,212
2026-11-15,319,17152.186131591796,2429.38720703125,8936.375,45992.32421875,8103.736615951538,1107.1876220703125,3761.23486328125,23218.498046875,213
2026-11-16,320,15078.420662841796,2504.906005859375,7918.0595703125,42659.90234375,6940.94072618103,1108.5262451171875,3502.947021484375,19381.5234375,214
2026-11-17,321,14994.545907958984,2590.380615234375,7400.81689453125,42659.90234375,6985.257503738403,1145.090576171875,3447.4151611328125,19669.309960937517,212
2026-11-18,322,15731.978645141602,2428.089599609375,7877.15478515625,43746.31640625,7358.9303151855465,1098.49658203125,3415.47412109375,19381.5234375,212
2026-11-19,323,14630.16049572754,2419.781982421875,7138.08642578125,42768.543750000026,6876.327214604377,1004.7646484375,3183.095703125,19590.513671875,214
2026-11-20,324,15253.305142333984,2426.93505859375,7882.02685546875,43746.31640625,7127.758960532904,1085.853271484375,3259.539306640625,19590.513671875,215
2026-11-21,325,14798.655760864258,2401.102294921875,6735.0126953125,42659.90234375,6894.348270169497,1004.7646484375,3164.414794921875,19381.5234375,212
2026-11-22,326,13135.279382202149,2382.4638671875,6826.5810546875,36674.51992187501,5787.62039071393,927.555419921875,3036.97900390625,16183.3193359375,214
2026-11-23,327,12158.006942626953,2382.4638671875,6596.81298828125,36108.54296875,5498.037281076431,1004.7646484375,2960.7652587890625,15071.64453125,214
2026-11-24,328,12233.833228637695,2354.547119140625,6285.2431640625,35391.859375,5614.850242207527,937.7109985351562,2645.232421875,16183.3193359375,213
2026-11-25,329,12378.809093017579,2383.305419921875,6285.2431640625,36388.32421875,5643.06134001112,1041.30810546875,2872.708740234375,15963.9150390625,210
2026-11-26,330,12068.144637817382,2383.305419921875,6747.2314453125,34371.58203125,5456.508001782656,1037.6537597656252,2955.91455078125,14364.7880859375,213
2026-11-27,331,11145.680497070312,2233.736328125,5688.53076171875,33645.0546875,4941.851834230662,872.8428344726562,2631.36767578125,12075.1806640625,213
2026-11-28,332,11675.482619750977,2149.547119140625,6222.5693359375,33772.66796875,5061.644625340462,931.3263000488284,2676.046142578125,13301.7099609375,212
2026-11-29,333,10578.471614868164,2292.296875,5722.1279296875,27262.34765625,4608.69101993537,962.2242431640625,2595.588623046875,10060.5322265625,214
2026-11-30,334,11838.21366784668,2354.547119140625,6285.2431640625,33645.0546875,5185.962093398571,991.6182739257814,2631.36767578125,13285.26298828125,214
2026-12-01,335,11073.577638671875,1963.76318359375,5416.610595703125,35799.796875,4873.065903505564,821.437255859375,2333.338623046875,13304.23525390625,214
2026-12-02,336,10946.577389160157,1876.4984130859375,5645.673828125,33563.7734375,4843.46660950923,821.437255859375,2536.09521484375,13098.8154296875,214
2026-12-03,337,10532.075914550782,1957.1863403320315,5540.18359375,29656.179687500055,4504.275420704842,823.2648864746094,2536.09521484375,11279.534960937519,212
2026-12-04,338,10985.33163635254,1930.2196899414066,5540.18359375,33645.0546875,4754.357483998298,823.2648864746094,2475.635986328125,13326.962890625,214
2026-12-05,339,10943.510759033203,1876.4984130859375,5503.87890625,33130.30859375,4738.289314416886,872.8428344726562,2475.635986328125,12177.544140625023,213
2026-12-06,340,10750.006787597657,1821.7032592773444,5507.385986328125,33130.30859375,4631.412804374457,781.6251220703125,2438.2529296875,12068.791015625,213
2026-12-07,341,10361.766069091796,1719.9683837890625,5347.62255859375,31745.83203125,4449.512901595593,759.6155090332032,2279.705322265625,12056.275390625,213
2026-12-08,342,10409.775931274415,1844.8127197265626,5507.385986328125,28899.029296875,4447.410610165834,821.437255859375,2348.450927734375,10788.3212890625,213
2026-12-09,343,9893.52530078125,1676.42724609375,5360.279296875,28088.657226562507,4122.122042505741,779.7650146484375,2233.328369140625,10060.5322265625,211
2026-12-10,344,9406.136036254882,1676.42724609375,4728.4501953125,25961.962890625,3926.555602998972,762.0062866210938,2086.7108154296875,9868.1806640625,214
2026-12-11,345,9706.454577392578,1832.033203125,5360.279296875,25961.962890625,4023.589235679388,806.688720703125,2286.373779296875,9801.857421875,212
2026-12-12,346,9645.972747680664,1726.0601806640625,5390.14501953125,28055.78125,4032.4876137259007,779.7650146484375,2318.226318359375,10766.44140625,215
2026-12-13,347,9340.196734985351,1676.42724609375,4873.8349609375,25371.819531250014,3898.467977032423,738.0985107421875,2170.32568359375,9887.415820312504,217
2026-12-14,348,9761.396673461913,1581.25986328125,4836.034912109375,28055.78125,4142.229657027721,754.8173828125,2137.3424072265625,10788.3212890625,217
2026-12-15,349,9623.631038208008,1582.2177734375,5069.1171875,28384.541015625,4140.1437408213615,754.8173828125,2170.32568359375,10788.3212890625,218
2026-12-16,350,9345.463113708496,1544.975048828125,5069.1171875,27262.34765625,4019.6319001386164,636.9775390625,2286.373779296875,10060.5322265625,221
2026-12-17,351,10065.454778808593,1572.638671875,5390.14501953125,28055.78125,4347.292010393381,723.9571533203125,2314.97802734375,10766.44140625,221
2026-12-18,352,10154.609029541016,1546.1282958984375,5390.14501953125,28899.029296875,4387.564441459417,650.9293212890625,2318.226318359375,11193.23046875,219
2026-12-19,353,9714.584657470703,1534.5958251953125,5069.1171875,28055.78125,4126.094201540232,650.8114379882812,2303.34228515625,10060.5322265625,221
2026-12-20,354,9440.53085559082,1546.1282958984375,4575.9033203125,25961.962890625,4116.422159489632,650.9293212890625,2097.4512939453125,9868.1806640625,221
2026-12-21,355,9672.666801879883,1490.5894775390625,4517.38623046875,28384.541015625,4160.136192298174,602.1692504882812,2093.001220703125,10788.3212890625,223
2026-12-22,356,9181.852850646972,1546.1282958984375,4226.0869140625,25961.962890625,3982.11851495862,650.9293212890625,1974.7813720703125,9868.1806640625,225
2026-12-23,357,9261.15376196289,1544.975048828125,4728.4501953125,28055.78125,4035.421907241583,634.8580383300782,2071.520263671875,10766.44140625,226
2026-12-24,358,8855.256949951172,1534.5958251953125,4151.54150390625,23861.853515625,3892.592570968151,636.009765625,1931.443115234375,9596.42578125,224
2026-12-25,359,8879.32990625,1490.5894775390625,4102.7802734375,25306.248046875,4024.4645689287186,624.4924926757812,1912.7194213867188,9801.857421875,230
2026-12-26,360,8692.061722961425,1531.3885986328128,4460.595703125,22494.328125,3830.2123978624345,624.4924926757812,1990.3505859375,8744.11328125,229
2026-12-27,361,8873.363763977051,1480.3668212890625,4510.16650390625,22226.662109375,4007.448553044319,594.6127319335938,2071.520263671875,8679.58984375,229
2026-12-28,362,9348.711129455567,1496.2933349609375,4510.16650390625,23596.558203125,4237.4824110841755,594.6127319335938,2097.4512939453125,9428.7861328125,230
2026-12-29,363,9605.35412451172,1564.23935546875,4517.38623046875,28055.78125,4595.818459591866,648.6314514160157,2101.9013671875,9801.857421875,229
2026-12-30,364,9170.954638916015,1489.912060546875,5069.1171875,22494.328125,4218.645456300974,592.7251037597657,2367.19775390625,9540.55546875,232
2026-12-31,365,10249.466911560059,1544.975048828125,5625.564697265625,25581.20136718756,4764.697712943793,636.9775390625,2622.712158203125,10120.4833984375,231
2027-01-01,1,10265.374207641602,1581.25986328125,5749.251953125,23861.853515625,4705.11434160614,678.8638793945314,2668.88623046875,9616.968945312505,230
2027-01-02,2,9220.195496032715,1824.9705444335937,4829.20703125,23595.193359375,4193.503018264771,754.8173828125,2491.191650390625,9057.593164062508,235
2027-01-03,3,9552.705891906739,1534.5958251953125,4891.16650390625,23861.853515625,4371.5912663650515,624.4924926757812,2491.191650390625,9540.55546875,233
2027-01-04,4,10045.612417297363,1759.192626953125,4985.8779296875,23608.841796875,4704.12588457489,723.9571533203125,2601.9013671875,9596.42578125,237
2027-01-05,5,10047.225667053222,1582.2177734375,4891.16650390625,25068.80859375,4773.016896133423,738.0985107421875,2592.802001953125,9596.42578125,237
2027-01-06,6,10569.452461181641,1546.1282958984375,5485.84326171875,28055.78125,4976.619943717957,636.88076171875,2709.427001953125,10143.6796875,236
2027-01-07,7,10974.38108734131,1582.2177734375,5477.682861328125,33043.3828125,5194.735732398987,650.9293212890625,2807.4493408203125,11623.9755859375,237
2027-01-08,8,11265.821638793945,1582.2177734375,5360.279296875,33116.31132812502,5410.064306602478,649.9263305664062,2801.76708984375,11760.001953125,236
2027-01-09,9,11250.03466583252,1759.192626953125,5968.8994140625,33043.3828125,5214.400349464417,738.0985107421875,2867.577880859375,12068.0810546875,242
2027-01-10,10,12003.377938293457,1759.192626953125,6035.99267578125,33381.68359375,5767.076172653198,682.0791625976562,3033.76953125,12415.30859375,243
2027-01-11,11,11428.20468927002,1832.033203125,5818.0400390625,31674.7890625,5393.583599281311,767.2434692382812,2848.230712890625,11760.001953125,241
2027-01-12,12,11752.652313171388,1742.023095703126,6136.01904296875,33223.5390625,5660.707414276123,738.0985107421875,2851.5126953125,11760.001953125,241
2027-01-13,13,11298.171122070313,1546.1282958984375,6338.958984375,31065.271093750016,5325.050957199097,636.9775390625,2947.6358642578125,11623.9755859375,241
2027-01-14,14,12681.741421081542,1825.1300048828125,6592.27978515625,34048.19765625,6099.815354270935,648.6314514160157,3207.68994140625,13590.2841796875,246
2027-01-15,15,13374.543832763671,1909.8448486328125,6621.786865234375,35236.82421875,6289.833548591614,767.9513549804688,3320.05029296875,13887.755859375004,245
2027-01-16,16,13416.156904785155,1544.975048828125,6680.59375,35204.37109375,6447.233718284607,650.9293212890625,3275.0439453125,14125.30195312501,250
2027-01-17,17,13352.557512634277,1928.139404296875,6644.08349609375,34089.4921875,6659.541385879516,772.085205078125,3333.68701171875,13868.91015625,248
2027-01-18,18,14203.38373046875,2206.03193359375,7586.9951171875,35521.83984375,7045.372893661499,778.0410766601562,3570.599609375,14524.4765625,247
2027-01-19,19,14503.445223999024,2087.28515625,7635.0595703125,42037.38671875,7255.34696875,778.0410766601562,3733.239990234375,19143.96875,245
2027-01-20,20,15385.49118963623,2184.869970703125,7801.20068359375,43424.48828125,7689.029215164184,772.085205078125,3765.848876953125,19731.310546875,250
2027-01-21,21,15191.82910003662,2208.275390625,8494.896484375,42694.06640625,7405.620262832642,777.6169372558594,3963.875,19143.96875,248
2027-01-22,22,17249.043814453125,1909.8448486328125,8253.3896484375,51606.87187500001,8540.515597457887,772.085205078125,4114.64794921875,26034.4609375,253
2027-01-23,23,18285.205393798828,2252.4632324218755,9153.9853515625,54823.09882812501,9290.081058311462,828.17138671875,4319.35107421875,28765.92617187501,255
2027-01-24,24,17013.088075256346,2277.409423828125,8494.896484375,48543.01953125,8508.639832015991,843.6528930664062,4134.22021484375,26156.86328125,252
2027-01-25,25,18712.54114147949,2584.8845703125003,11221.4140625,53656.70156250003,9559.77891556549,941.724853515625,5044.7607421875,26757.33984375,251
2027-01-26,26,19027.25401623535,2616.986572265625,10375.7236328125,55261.015625,9976.980785263062,1090.1539306640625,4722.609375,29097.005859375,256
2027-01-27,27,19851.914377197267,2674.0712890625,11057.6025390625,58826.69921875,10309.180389099121,1116.8301391601565,5067.86181640625,29200.654296875,251
2027-01-28,28,21630.05357470703,3193.62939453125,12114.888671875,60185.88671875,11415.809233154298,1336.2289672851564,5703.081298828125,32943.9296875,250
2027-01-29,29,21291.73144897461,3172.4698974609387,11942.0537109375,60382.7109375,11212.57319859314,1308.65185546875,5517.094482421875,31935.158203125,254
2027-01-30,30,21071.591969848632,2982.034423828125,11864.5634765625,60382.7109375,11093.206366607666,1270.728515625,5496.23046875,32943.9296875,251
2027-01-31,31,21974.207580078124,3322.070556640625,12476.2109375,60382.7109375,11654.182221183777,1339.2930908203125,5642.6044921875,35213.59375,254
2027-02-01,32,23869.91751904297,3459.093994140625,13098.771484375,63769.515625,12852.023683837891,1482.5343017578125,6490.95849609375,36470.01953125,252
2027-02-02,33,23324.967221313476,3456.3538818359375,12262.84228515625,65059.796875,12645.317032897949,1829.9520263671875,5450.1650390625,39948.26171875,251
2027-02-03,34,23253.394442871093,3703.347900390625,12604.4248046875,63769.515625,12427.714203590393,1613.9940185546875,6191.5185546875,36470.01953125,252
2027-02-04,35,25414.38683215332,3918.738745117188,13927.0234375,66262.0625,13663.430570381164,1843.771728515625,6854.78369140625,39948.26171875,249
2027-02-05,36,25815.456005004882,4609.812353515626,14440.3515625,65197.71054687502,13987.800924514771,2190.35830078125,7364.625,39369.953125,256
2027-02-06,37,29019.989432128907,4891.16650390625,18158.79296875,69509.8125,16082.28224093628,2449.220703125,8804.8935546875,42100.837890625015,255
2027-02-07,38,28241.09978149414,4933.6376953125,17391.41796875,70285.953125,15276.509806884766,2449.220703125,8239.90185546875,41862.046875,252
2027-02-08,39,27908.462627441408,4933.6376953125,17723.400390625,69509.8125,15364.095596984864,2475.966552734375,8214.781005859375,40673.11523437503,256
2027-02-09,40,29319.919990234375,4891.16650390625,16963.13671875,73834.4140625,16545.91679095459,2446.760986328125,8374.9404296875,45448.73046875,253
2027-02-10,41,31830.182857421874,5017.96435546875,20451.0126953125,77766.9140625,17869.805172027587,2475.966552734375,9073.51953125,47949.2421875,254
2027-02-11,42,31757.276830078124,4933.6376953125,20449.28125,77790.8859375,18036.48519619751,2449.220703125,9113.115234375,47949.2421875,251
2027-02-12,43,32603.146409179688,4883.6357421875,22260.443359375,77766.9140625,18381.96012399292,2421.8986328125015,9406.28125,46700.78398437503,257
2027-02-13,44,32982.557515136716,4949.4861328125,22397.9921875,74858.7265625,18402.417228790284,2576.496948242188,9756.19140625,46562.06640625,253
2027-02-14,45,34284.37551269531,5417.31396484375,23427.935546875,76943.99765625002,19497.869305999757,2720.9041992187504,10188.0,49627.86328125,254
2027-02-15,46,33024.13123730469,5757.80859375,21690.59765625,76852.5625,18633.620593444823,2475.966552734375,9406.28125,47949.2421875,252
2027-02-16,47,36974.90514916992,7218.058251953125,26158.2421875,80184.36328125003,21242.542188659667,3332.803466796875,10572.6904296875,58288.20625000001,255
2027-02-17,48,37761.60703857422,7111.966796875,27097.087890625,81327.9453125,21934.55484552002,3644.745043945313,10908.3935546875,61774.43359375,252
2027-02-18,49,39418.032936523436,7226.827001953126,29223.83203125,89576.3984375,23270.624932800292,3525.03125,11923.658203125,65717.8359375,253
2027-02-19,50,39791.63582226563,7336.61328125,31179.013671875,89576.3984375,23457.969816223143,3577.530029296875,13497.705078125,65860.03125,257
2027-02-20,51,42777.35007714844,8012.677734375,35002.8046875,95269.4609375,25423.76291894531,3768.30859375,15360.1181640625,68718.4765625,257
2027-02-21,52,39807.28003222656,8063.241650390625,30224.4287109375,85507.984375,23240.25819519043,3768.30859375,12760.169921875,61889.92578125,255
2027-02-22,53,42597.81854125977,7714.93017578125,33223.5390625,97993.515625,25520.14221118164,3696.070068359375,15025.5498046875,70669.609375,257
2027-02-23,54,43634.45217602539,8073.261865234375,33354.50390625,97993.515625,26166.70821948242,3861.548193359375,15025.5498046875,70669.609375,254
2027-02-24,55,43632.8994934082,8073.7509765625,33354.50390625,97993.515625,26235.57837487793,3864.222412109375,15025.5498046875,70669.609375,251
2027-02-25,56,43719.25474316406,8376.41171875,34086.0078125,98450.34375,26104.06176171875,4297.920166015625,15025.5498046875,70781.95390625003,250
2027-02-26,57,44115.08209716797,8718.103515625,33720.255859375,98039.19843750002,26591.505647094727,4302.82470703125,15345.43505859375,70781.95390625003,252
2027-02-27,58,46899.87385888672,10113.119042968752,38822.30078125,101250.58125,28326.869494873048,4587.509765625,17756.06640625,74512.72343750001,255
2027-02-28,59,46609.443408691404,9596.2802734375,38322.82421875,104408.2109375,28440.097470947265,4722.609375,17550.0439453125,73775.28125,256
2027-03-01,60,47596.17503271484,10166.923828125,38822.30078125,106142.7421875,29670.179044433593,4876.88525390625,17663.478515625,77433.703125,251
2027-03-02,61,47207.842981933594,10962.63671875,37188.171875,104769.9203125,28955.489385864257,4876.88525390625,15708.9384765625,76601.28125,249
2027-03-03,62,50468.20974804687,11474.752441406252,43628.09765625,108064.21875,31474.104307006837,5112.88134765625,19154.689453125,80633.890625,257
2027-03-04,63,50257.07104345703,11128.072265625,41183.3046875,107356.640625,31579.42529260254,5518.29443359375,18337.884765625,81525.43828125001,254
2027-03-05,64,50447.54341699219,11942.0537109375,41783.78125,106142.7421875,31454.461619018555,5524.42626953125,18337.884765625,81448.328125,251
2027-03-06,65,50902.40004248047,11579.5244140625,40053.14453125,109057.7578125,32727.003442138674,5790.08642578125,17663.478515625,89520.6796875,254
2027-03-07,66,52900.50296582031,11513.2724609375,43628.09765625,108113.72578125002,33778.1316081543,5112.88134765625,19840.572265625,87602.9921875,254
2027-03-08,67,52621.885196777344,11579.5244140625,43628.09765625,109057.7578125,33932.19704699707,5523.8130859375,18951.9150390625,88805.9765625,254
2027-03-09,68,54085.91781933594,11942.0537109375,47079.09375,108698.7578125,34742.39709765625,5853.52734375,21350.263671875,85693.68046875004,254
2027-03-10,69,54963.001403808594,13042.931640625,47671.7421875,109845.6625,35515.83553491211,6325.91552734375,21742.953125,89460.16562500001,252
2027-03-11,70,56062.918813476565,12717.768847656254,49994.3203125,110880.03125,36416.808284179686,6209.17919921875,24202.357421875,90116.18203125002,254
2027-03-12,71,56988.83660205078,14266.981933593754,48700.1015625,111533.46875,36924.88729272461,6209.17919921875,23452.453125,89406.76640625,254
2027-03-13,72,55923.2652211914,14331.2861328125,47644.7890625,109812.2890625,35907.93860864258,6397.271337890626,21586.4453125,89574.07890625001,251
2027-03-14,73,57912.0820727539,14470.5654296875,50215.7578125,110146.0234375,37159.7298359375,7048.83642578125,24857.017578125,89406.76640625,257
2027-03-15,74,60315.29826074219,15526.412109375,54834.93359375,111533.46875,39514.36394873047,7637.28076171875,25768.771484375,94801.671875,254
2027-03-16,75,60733.40132373047,15035.5732421875,54796.28125,111913.12812500002,39477.0119453125,7048.83642578125,25768.771484375,92837.2890625,254
2027-03-17,76,62011.60274609375,16534.423828125,55180.91015625,115980.5703125,40417.79091040039,7808.4677734375,26299.779296875,94755.98984375,249
2027-03-18,77,61135.44237548828,16415.78857421875,53892.59375,115718.671875,40094.91181274414,7846.228515625,25670.3125,95478.1796875,252
2027-03-19,78,62973.22511132812,16504.24140625,54873.5859375,115999.796875,41956.22858447266,7738.350146484376,27029.08984375,100448.4609375,253
2027-03-20,79,61615.8950209961,15066.9501953125,53892.59375,115990.3125,41384.05037695313,7333.5927734375,25627.92578125,100502.28046875002,256
2027-03-21,80,63329.13380273437,16743.7744140625,57552.671875,115796.1953125,42200.00815356446,8034.00732421875,27521.3623046875,97859.734375,254
2027-03-22,81,65877.83480908204,18302.258789062507,58292.0546875,116136.25,44565.7500444336,8946.117871093751,28303.3671875,100448.4609375,251
2027-03-23,82,65499.59796533203,16610.06640625,59349.3515625,115980.5703125,43894.938172851565,8946.117871093751,28670.73046875,100393.04765625,255
2027-03-24,83,66227.54534179688,17306.150390625,62159.0625,115980.5703125,43719.91234643554,8020.52236328125,29352.033203125,98022.45000000004,252
2027-03-25,84,64497.312689941406,16610.06640625,58292.0546875,116136.25,42425.36284375,7899.15771484375,28976.236328125,98022.45000000004,253
2027-03-26,85,66014.58097558594,20164.636718750004,60442.140625,116334.625,43856.93092651367,9357.0927734375,29223.8203125,100986.65625,255
2027-03-27,86,68062.96776171876,20216.111328125,65893.96875,116264.6640625,45296.82785229492,9457.7349609375,32116.1337890625,100990.8015625,255
2027-03-28,87,67514.8138149414,18492.4609375,63867.6484375,118526.3515625,45440.71188232422,9255.8466796875,29832.169921875,104046.8828125,253
2027-03-29,88,68741.48919873047,21271.380078125,67567.54296875,117627.62734375,46482.3947565918,9430.248046875,33497.05078125,104074.09296875,254
2027-03-30,89,70251.94367578125,21557.818359375,69589.453125,118280.1484375,47725.68677392578,10491.5908203125,36512.62890625,104318.984375,251
2027-03-31,90,72262.73649169922,23005.103515625,72081.4140625,119154.53281250001,49894.23090356445,10888.438085937501,37057.1796875,104477.81640625,248
2027-04-01,91,72520.26859277344,21557.818359375,71798.296875,120041.21250000001,50260.96419482422,10568.6708984375,37193.48046875,106495.0546875,253
2027-04-02,92,73172.95771582032,23103.69140625,73240.8828125,120026.328125,50388.31128564453,10834.447265625,37389.2578125,106495.0546875,255
2027-04-03,93,72730.50165087891,21529.590234375002,71798.296875,119497.3203125,50108.13991821289,10043.6865234375,37526.18359375,104477.81640625,252
2027-04-04,94,73271.71356835938,23059.16796875,71798.296875,120041.21250000001,50419.766984375,10952.13671875,36977.78515625,106455.40625,251
2027-04-05,95,72929.41960058594,23005.103515625,72336.58203125,120228.2421875,49496.15352587891,10510.3330078125,37427.982421875,106455.40625,250
2027-04-06,96,74785.18568847656,21529.590234375002,76757.265625,120228.2421875,51986.364982910156,10562.837109375001,43488.8828125,105544.234375,255
2027-04-07,97,75746.96153125,24563.2578125,76757.265625,119641.390625,51346.191807617186,11720.30078125,40034.95703125,104383.98437500001,253
2027-04-08,98,77401.15413867187,23284.48046875,83449.4609375,118599.65625,53328.21904345703,11013.9443359375,50531.54296875,105534.5703125,247
2027-04-09,99,78028.3792607422,24919.912109375,84807.2265625,120026.328125,54489.089727050785,11616.4755859375,50399.48046875,109505.4296875,251
2027-04-10,100,75111.57321923829,24919.912109375,78871.0625,119154.53281250001,51764.04803930664,11278.685546875,41200.828125,104046.8828125,255
2027-04-11,101,77225.46721728516,25408.822265625,80638.72265625,119726.2734375,53426.92731030274,12258.935742187501,43967.359375,104968.984375,252
2027-04-12,102,76330.6540209961,25408.822265625,80748.4921875,119116.4453125,51989.70537915039,12258.935742187501,45224.8515625,103831.4375,248
2027-04-13,103,77603.47944824219,25950.205664062505,81059.7109375,119532.6484375,53003.04240185547,12014.059375000003,45546.00390625,103831.4375,249
2027-04-14,104,77284.55751171875,26807.400390625,80407.4375,119726.2734375,52196.088755126955,12282.517578125,43795.8125,103852.98203125001,254
2027-04-15,105,77585.16529394532,27205.640625,79096.484375,119532.6484375,52167.19348413086,13837.900390625,43967.359375,102461.2890625,251
2027-04-16,106,77962.92035449219,27205.640625,80407.4375,120228.2421875,52238.83979223633,13363.947265625,43795.8125,102890.94531250001,254
2027-04-17,107,79494.41790722657,31331.001953125,82829.9453125,120175.171875,53412.92919482422,14661.658203125,45630.453125,104318.984375,254
2027-04-18,108,79245.88268261719,29356.345703125,83405.0078125,120557.24453125,53653.634514892576,14372.018554687502,48636.48046875,108336.6484375,253
2027-04-19,109,80120.47248144531,29311.400585937503,84961.2265625,120776.078125,54981.3967084961,14407.6572265625,49850.6171875,106455.40625,254
2027-04-20,110,79195.84823339844,29532.33984375,82829.9453125,120260.49609375001,53122.53215625,14638.5634765625,46175.3359375,104968.984375,256
2027-04-21,111,79113.14062695313,31887.958984375,81059.7109375,120776.99609375,52986.944647460936,14754.5048828125,45385.427734375,104968.984375,253
2027-04-22,112,80024.97117675781,35102.428515625004,81059.7109375,120615.4140625,52853.86561376953,15202.2451171875,45628.236328125,104046.8828125,253
2027-04-23,113,82492.82487207031,35476.409375,87376.140625,120175.171875,55476.29674926758,16505.43359375,50663.60546875,104046.8828125,256
2027-04-24,114,79722.84383398437,28906.89453125,83449.4609375,120228.2421875,53058.60163647461,14638.5634765625,46624.751953125,104968.984375,252
2027-04-25,115,80821.279953125,35506.57421875,83619.1484375,119635.8640625,53159.07404736328,15453.06640625,47074.16796875,102461.2890625,255
2027-04-26,116,83354.08403710938,37046.28125,88605.4453125,120228.2421875,56069.7311706543,15453.06640625,50663.60546875,104318.984375,255
2027-04-27,117,82703.46678027343,35204.92578125,86961.1875,120550.78125,55057.46651220703,15594.1150390625,51213.23828125,104046.8828125,253
2027-04-28,118,81154.52876367187,35204.92578125,84774.2734375,120615.4140625,53953.46998901367,15594.1150390625,48116.1953125,102619.85,256
2027-04-29,119,81631.4916171875,31573.451171875,85774.41015625,120887.0078125,54900.02220361328,14754.5048828125,50507.13671875,109373.015625,254
2027-04-30,120,82847.39874414062,34145.065625,87707.5078125,119727.5546875,55119.083693359375,15609.787109375,51213.23828125,103305.296875,253
2027-05-01,121,83029.965796875,36871.95039062501,87308.8203125,120776.078125,55122.72744335938,16848.67578125,50507.13671875,103305.296875,251
2027-05-02,122,83340.1103544922,31573.451171875,87707.5078125,120892.140625,55815.217161132816,15202.2451171875,50663.60546875,103305.296875,256
2027-05-03,123,83840.48372363282,31573.451171875,88869.6875,120887.0078125,56458.32792602539,15767.87109375,51881.080078125,103986.090625,250
2027-05-04,124,83466.5067470703,31526.755859375,88869.6875,120785.2578125,55783.120856201174,15767.87109375,51768.9609375,103305.296875,252
2027-05-05,125,83302.69194921874,33831.078125,87441.7109375,120785.2578125,54712.86933886719,15569.032910156253,50310.43359375,101484.0078125,250
2027-05-06,126,84288.35488964844,37015.42578125,87441.7109375,120785.2578125,56173.47700463867,15767.87109375,51775.671875,103979.3359375,255
2027-05-07,127,84746.14977832031,40474.762109375006,86462.5,120892.140625,56427.114003173825,17624.296875,49304.142578125,104139.09296875002,250
2027-05-08,128,86479.781453125,39039.38476562501,89255.7421875,120965.96171875001,58770.60032373047,16693.904296875,52205.8515625,109373.015625,256
2027-05-09,129,85651.2169296875,35580.671875,90568.8203125,120827.53125,57444.22879711914,15767.87109375,52079.884765625,102594.84375,253
2027-05-10,130,85148.0099609375,37858.003125,88605.4453125,120897.59609375,56700.10292626953,16675.0572265625,51909.45703125,102844.90625,251
2027-05-11,131,84831.91224902344,37277.04453125,87574.609375,120827.53125,56038.277562744144,16693.904296875,51400.72265625,100294.97421875002,254
2027-05-12,132,85842.90187890625,37015.42578125,90568.8203125,120827.53125,57274.84927734375,16693.904296875,52312.48828125,102594.84375,252
2027-05-13,133,84553.06573144531,39039.38476562501,88255.5390625,119965.578125,55580.501006591796,17058.361328125,51681.939453125,100162.859375,252
2027-05-14,134,86368.21713671875,40566.4921875,90786.8984375,120785.2578125,57649.09218798828,17631.4765625,52312.48828125,101484.0078125,251
2027-05-15,135,87354.93292675781,39649.19140625,91829.0078125,120018.98828125001,57826.73809375,17631.4765625,53258.21484375,98486.15625,252
