date,day_of_year,month,actual_wh,direct_point_wh,direct_q10_wh,mc_mean_point_wh,mc_p10_point_wh,mc_p50_point_wh,mc_p90_point_wh,mc_mean_q10_wh,mc_p50_q10_wh,analog_unique_days
2021-07-15,196,7,89254.0,88225.046875,53370.140625,79746.24670019532,43325.29296875,83507.4453125,110105.9375,50578.10451806641,47824.326171875,191
2021-07-16,197,7,96472.0,92407.375,58032.35546875,80028.89184082032,40899.227343750004,84475.921875,110105.9375,50540.094641601565,47229.26953125,191
2021-07-17,198,7,53427.0,57731.09375,27673.072265625,78609.73905566406,39066.59375,82819.4140625,108529.09375,49384.49889208985,46143.2890625,189
2021-07-18,199,7,86191.0,84397.453125,48481.45703125,80596.89528613281,40987.89453125,85871.4453125,109279.6328125,51644.14029248047,50380.609375,189
2021-07-19,200,7,59739.0,71457.9375,33530.48046875,78802.40986328125,38116.6875,84475.921875,110163.98984375001,50786.19032128906,48419.3828125,187
2021-07-20,201,7,85453.0,96278.15625,59826.58203125,79861.36318945313,43325.29296875,85517.4296875,109279.6328125,50928.7694899292,49896.94921875,186
2021-07-21,202,7,46776.0,63519.05859375,28055.078125,77232.74599414063,36362.540625,81098.3359375,109279.6328125,49128.81489904785,45903.171875,186
2021-07-22,203,7,97335.0,94030.09375,57897.11328125,78613.15815722656,40987.89453125,85034.2421875,107689.546875,49800.6778387146,47189.43359375,183
2021-07-23,204,7,97573.0,90746.296875,56750.48046875,79697.32708691407,40899.227343750004,84475.921875,108519.03125,51021.75357971191,49793.9921875,184
2021-07-24,205,7,102811.0,101913.796875,70364.96875,79635.62398535156,39066.59375,84755.08203125,109279.6328125,51193.43382882691,48928.359375,182
2021-07-25,206,7,73139.0,74193.3828125,41162.2421875,79901.62407128906,40101.22265625,84475.921875,109590.3828125,52021.822317108155,50371.484375,181
2021-07-26,207,7,93509.0,90806.890625,57317.76171875,80353.65656054688,43325.29296875,85034.2421875,108519.03125,51452.60196102905,50380.609375,179
2021-07-27,208,7,91362.0,82168.2578125,44091.53515625,78433.57891210937,39066.59375,82819.4140625,108519.03125,50304.15591824341,48673.87109375,179
2021-07-28,209,7,53761.0,61254.62109375,28211.501953125,80547.10252148437,39066.59375,85517.4296875,109723.78125,52732.363341003416,50371.484375,179
2021-07-29,210,7,80157.0,81428.28125,43641.33203125,80818.73203027344,38116.6875,85871.4453125,108482.84375,52684.556426483156,50554.42578125,177
2021-07-30,211,7,113514.0,105130.3515625,80396.8359375,80460.46709082031,38116.6875,85871.4453125,108482.84375,52381.30794213867,50550.8046875,176
2021-07-31,212,7,77145.0,81566.1953125,46614.70703125,81185.25948828126,43362.39453125,85871.4453125,109279.6328125,53215.55316320801,50667.1875,176
2021-08-01,213,8,48084.0,49563.734375,28406.060546875,80423.36132714844,44257.3515625,85034.2421875,108595.09140625002,52560.91889334106,50610.806640625,174
2021-08-02,214,8,56791.0,71187.46875,34895.53515625,80357.96400878906,40987.89453125,85720.09375,108482.84375,53010.3458414917,50667.1875,173
2021-08-03,215,8,76285.0,79624.578125,42018.765625,81971.75331347657,43362.39453125,86896.0546875,109723.78125,54550.13872338867,51503.8984375,173
2021-08-04,216,8,89782.0,85556.34375,49103.53515625,81273.86731835938,46816.27734375,85034.2421875,108043.5765625,53106.67469250488,50550.8046875,172
2021-08-05,217,8,78598.0,78525.3671875,47942.91015625,81485.87429589844,47304.26953125,85034.2421875,108366.2265625,53391.88556790161,50554.42578125,172
2021-08-06,218,8,54157.0,58300.6484375,30808.515625,80442.55759765625,44050.06484375002,85224.9453125,108482.84375,52776.20824624634,50547.18359375,171
2021-08-07,219,8,80277.0,76313.5078125,39846.57421875,81377.9774453125,44064.62187500002,85964.5546875,108007.7265625,54052.68968862915,51523.94921875,170
2021-08-08,220,8,54062.0,75271.7578125,36170.71875,80540.33331738281,46816.27734375,83857.9765625,108482.84375,53101.86280923462,48944.796875,170
2021-08-09,221,8,87805.0,85519.90625,59104.26171875,81367.71073925782,47958.63671875,83857.9765625,108366.2265625,53503.994554351804,50371.484375,172
2021-08-10,222,8,59366.0,65519.94140625,31989.8359375,80299.23804492188,44556.03125,82819.4140625,108007.7265625,52897.71102850342,49858.59765625,171
2021-08-11,223,8,95868.0,93253.4765625,51230.9765625,79351.86620996094,44406.48046875,81449.6640625,108007.7265625,51968.28479849243,48419.3828125,171
2021-08-12,224,8,98774.0,100675.1640625,78465.796875,80911.0648828125,47304.26953125,83857.9765625,107947.9375,53544.983848815915,48963.865234375,171
2021-08-13,225,8,93603.0,94934.765625,64584.953125,79435.51696484374,44406.48046875,81863.34375,108366.2265625,52344.97338394165,48944.796875,172
2021-08-14,226,8,92786.0,92538.7734375,57977.20703125,79846.12143164063,40129.63671875,84346.0703125,109279.6328125,53312.19228250122,50550.8046875,171
2021-08-15,227,8,59821.0,59481.2109375,30096.39453125,77465.52516113281,37043.29296875,81059.015625,108366.2265625,50754.63371746826,45526.8515625,172
2021-08-16,228,8,73554.0,76558.4765625,37428.015625,77960.07073242188,40016.55859375,81098.3359375,107689.546875,51077.54532141113,45566.19140625,171
2021-08-17,229,8,53428.0,45492.44921875,20072.423828125,77961.16698046876,44541.076171875,78964.4140625,108482.84375,50560.493252197266,45314.640625,172
2021-08-18,230,8,45288.0,46527.2109375,18682.26953125,76496.66312695312,35491.14453125,78663.140625,107947.9375,49552.80284283447,44743.3671875,170
2021-08-19,231,8,57315.0,49323.84765625,21044.236328125,76427.50604296874,35491.14453125,78859.71484375,108377.88828125001,49857.943951385496,45374.81640625,170
2021-08-20,232,8,38743.0,36277.8046875,16013.6826171875,75423.17327929687,30328.1328125,78755.015625,107947.9375,49402.27151092529,44743.3671875,172
2021-08-21,233,8,67817.0,72689.6796875,34333.85546875,75829.34470751953,35144.15625,80929.5234375,107947.9375,48878.791773590085,45374.81640625,171
2021-08-22,234,8,75578.0,71212.7734375,38330.3828125,76180.23806787109,35293.859375,79110.953125,107689.546875,49354.66541278076,44496.1875,172
2021-08-23,235,8,108841.0,95797.8359375,65324.14453125,72825.94675732421,26256.3125,76561.6640625,107567.57578125001,47121.302175445555,41387.3671875,172
2021-08-24,236,8,97304.0,95720.5,62629.30078125,73338.21061572265,29868.900390625,77482.796875,107715.3859375,47571.0168420105,42581.47265625,170
2021-08-25,237,8,53776.0,52699.53125,25975.138671875,74987.28889941407,32155.91015625,78261.3203125,106247.45546875003,48487.88240789795,41542.015625,172
2021-08-26,238,8,30087.0,37076.58203125,18594.03515625,74059.76264013672,30328.1328125,76812.6875,106102.28125,47655.535817657474,40982.1015625,172
2021-08-27,239,8,44216.0,43364.6015625,19513.923828125,73142.28573486328,30328.1328125,76352.921875,107689.546875,46596.21512976074,40982.1015625,171
2021-08-28,240,8,53046.0,57740.74609375,28112.224609375,74887.24956591797,31577.118750000005,78152.90625,107953.91640625,48220.303136871335,41387.3671875,172
2021-08-29,241,8,13239.0,17668.796875,8263.4453125,72860.35863378906,30979.669921875,76352.921875,105369.515625,45597.85099682617,40982.1015625,171
2021-08-30,242,8,24169.0,24767.412109375,10961.9208984375,72966.27408642578,29507.641601562522,76435.3046875,105828.30859375,46216.55347927856,40982.1015625,172
2021-08-31,243,8,46324.0,42825.16796875,19074.951171875,73318.93274121094,29507.641601562522,78489.2421875,106102.28125,46442.26370639038,41384.501953125,170
2021-09-01,244,9,96577.0,90447.7890625,56031.37890625,71847.10523242188,30234.63671875,75901.703125,105247.82578125001,44531.416083984375,40556.51953125,172
2021-09-02,245,9,103135.0,103573.1640625,80961.40625,72507.17851660156,30234.63671875,76770.40625,105247.82578125001,45479.58142578125,40556.51953125,172
2021-09-03,246,9,68429.0,78518.703125,43492.8671875,70971.37666552735,30327.259765625,74790.375,104568.296875,44117.65707275391,39602.1171875,172
2021-09-04,247,9,70740.0,60642.0,30661.4765625,72115.07560449219,30234.63671875,76352.921875,105433.125,45463.435274902346,40657.22265625,172
2021-09-05,248,9,93092.0,91347.5390625,53809.421875,69198.44983691406,30234.63671875,72960.546875,105234.3046875,42837.111111816404,37312.16796875,170
2021-09-06,249,9,93418.0,96421.296875,67331.4375,67118.01373095703,25642.763671875,71729.625,101684.73125000004,40816.63436132813,35957.8984375,171
2021-09-07,250,9,95381.0,90210.4296875,60921.80859375,67166.33807519531,24404.175976562503,71607.4921875,103347.921875,41247.62918310547,36487.5703125,172
2021-09-08,251,9,103340.0,103193.421875,86553.421875,67014.57554589843,25642.763671875,71729.625,103347.921875,41109.19022265625,35757.6796875,172
2021-09-09,252,9,105032.0,105296.9140625,94915.71875,67329.235015625,24432.4453125,72960.546875,102988.40625,41487.73589453125,38060.4609375,172
2021-09-10,253,9,94852.0,96744.796875,71422.984375,66274.98848681641,25642.763671875,71087.7890625,98833.546875,39678.09056518555,35361.22265625,172
2021-09-11,254,9,67899.0,72731.2734375,35090.55078125,64449.15357128906,23879.921875000015,70508.13671875,100063.453125,38472.416256591794,34706.9765625,170
2021-09-12,255,9,36032.0,40051.0390625,17656.8828125,61736.91515087891,20045.9296875,66557.0546875,98665.84375,37089.643805419924,32660.29296875,167
2021-09-13,256,9,28901.0,34303.1171875,15983.923828125,61966.38326513672,20606.353515625,66409.4375,98682.6140625,36967.66664746094,32108.947265625,172
2021-09-14,257,9,31570.0,30195.041015625,16505.830078125,63025.18713769531,20537.697265625,67220.625,98665.84375,38309.96471362305,34366.3515625,170
2021-09-15,258,9,31626.0,39363.70703125,16178.6640625,61573.71162402344,20606.353515625,66557.0546875,97887.7421875,36559.54152697754,32691.1865234375,172
2021-09-16,259,9,33721.0,41968.04296875,14170.66796875,59561.03644091797,18620.791015625,65065.98046875,97481.9765625,34863.46896435547,31746.25390625,172
2021-09-17,260,9,19342.0,26573.173828125,9009.7255859375,58097.415094238284,18759.3154296875,62005.48046875,96828.5078125,33564.99875805664,28547.181640625,172
2021-09-18,261,9,24243.0,26751.16015625,11188.2685546875,58426.371399902346,18774.70703125,61287.478515625,97481.9765625,34142.00385058594,28556.90625,171
2021-09-19,262,9,27254.0,27727.63671875,12623.1845703125,57266.80715576172,18774.70703125,56416.390625,94892.75000000003,32651.67834265137,28207.50390625,172
2021-09-20,263,9,58332.0,65597.8984375,29130.28515625,58364.43417138672,17318.529296875,62591.77734375,97267.1484375,33959.280051635746,29970.2783203125,171
2021-09-21,264,9,32746.0,37668.2421875,19478.103515625,56787.174388671876,18759.3154296875,58727.23046875,95777.2109375,32724.72685131836,28207.50390625,171
2021-09-22,265,9,19942.0,22911.576171875,12144.1962890625,54699.755577636715,17318.529296875,53049.646484375,91798.8125,31018.982869140626,23848.52734375,172
2021-09-23,266,9,18247.0,19634.3359375,10594.5341796875,54599.24022851563,17145.1953125,51933.001953125,93118.08281250003,31206.10077685547,23381.9375,172
2021-09-24,267,9,52108.0,47892.9765625,22084.46484375,53788.494693359375,16134.162109375,52456.83984375,92721.6359375,31010.925969604494,23361.923828125,171
2021-09-25,268,9,16309.0,22569.9375,8485.84375,54584.44005322266,14711.4150390625,55301.87109375,91888.30625000002,32002.600342773436,28207.50390625,171
2021-09-26,269,9,67988.0,58271.91796875,27648.482421875,53284.943765625,15927.0830078125,50617.5703125,92693.75,31138.98726660156,21959.3046875,171
2021-09-27,270,9,63907.0,64631.21484375,34643.390625,53682.76824169922,15927.0830078125,51367.65234375,92693.75,31667.0408873291,21959.3046875,172
2021-09-28,271,9,7584.0,11471.2578125,5959.3466796875,51450.83898876953,15805.516210937507,46154.4453125,91628.6171875,29846.586031738283,20842.8515625,172
2021-09-29,272,9,59702.0,55854.20703125,29307.498046875,52985.288013671874,12668.5595703125,50617.5703125,92972.609375,31565.100023193358,22692.2265625,172
2021-09-30,273,9,45423.0,41238.77734375,18942.767578125,52050.21193261719,16236.554687500002,45316.03125,92972.609375,30581.416556762695,20501.033203125,170
2021-10-01,274,10,90380.0,79591.5859375,48516.2578125,49120.96392724609,11517.919628906257,44300.16796875,91597.1328125,28268.30396029663,18991.14453125,172
2021-10-02,275,10,59732.0,54134.9296875,29760.759765625,49545.60963232422,14006.23828125,43071.109375,91595.7109375,28214.70242268753,18924.984375,171
2021-10-03,276,10,44098.0,45486.74609375,20869.990234375,50192.37171020508,12514.232421875,45754.57421875,91628.6171875,29316.649471237182,21081.9677734375,171
2021-10-04,277,10,17366.0,20923.087890625,9583.0458984375,49250.90920532226,13838.341796875,44016.052734375,88548.484375,28377.603774837495,20366.685546875,170
2021-10-05,278,10,25299.0,24083.080078125,9550.134765625,49116.8838762207,11472.3486328125,45316.03125,89609.3046875,28380.128981658934,20842.8515625,172
2021-10-06,279,10,28277.0,29809.21875,12443.7197265625,47470.91454296875,12585.00546875,42195.92578125,87904.34375,27364.485282016754,18991.14453125,171
2021-10-07,280,10,86332.0,80394.8984375,48600.4609375,46190.19574804688,11610.81328125,41840.8125,87497.1328125,26527.043720016478,18306.62109375,172
2021-10-08,281,10,88403.0,79181.9375,63174.921875,44282.926082763675,10307.708984375,40325.5625,86347.6015625,25540.098105171204,17341.109375,172
2021-10-09,282,10,99777.0,91163.3125,75171.0234375,42957.84684033203,10307.708984375,38425.125,87904.34375,24422.07190497589,15869.8447265625,172
2021-10-10,283,10,98221.0,91514.578125,82289.6953125,42511.393715576174,10097.513671875,39893.30859375,82964.453125,24125.25673809433,16837.14453125,171
2021-10-11,284,10,31266.0,26079.037109375,10018.798828125,40583.16308544922,8968.8720703125,37681.91796875,77275.2890625,22533.235860996247,15637.76953125,171
2021-10-12,285,10,31201.0,28583.318359375,10036.8291015625,38482.7877644043,7739.31884765625,35977.49609375,75246.4921875,21160.574278999327,13337.5556640625,172
2021-10-13,286,10,83268.0,72508.2265625,41748.4296875,38920.64084082031,7739.31884765625,37122.66015625,75288.390625,21452.304592918397,14001.54638671875,171
2021-10-14,287,10,13699.0,12057.880859375,6170.810546875,37608.6562121582,6925.45263671875,33073.08203125,73472.53125,20677.660425872804,13325.86376953125,172
2021-10-15,288,10,8895.0,9177.515625,4278.5595703125,36276.899671875,7354.0244140625,34364.37890625,71093.625,18913.260970527648,13142.947265625,171
2021-10-16,289,10,55677.0,60524.953125,30014.4921875,35251.63698242188,6737.392578125,29737.982421875,72463.984375,18684.851152606963,12127.2626953125,172
2021-10-17,290,10,26751.0,29566.703125,11792.4365234375,35322.1188696289,6735.48125,32233.71875,70861.96640625001,18641.211821796416,13052.0341796875,172
2021-10-18,291,10,5973.0,7312.9267578125,4287.42529296875,35433.63408496094,6718.279296875,30396.85546875,72463.984375,18956.031729293823,12247.029296875,172
2021-10-19,292,10,16314.0,17608.0546875,8285.9765625,33815.011145507815,5963.59765625,29510.5078125,70403.115625,18054.39194157028,12127.2626953125,171
2021-10-20,293,10,29973.0,33007.37109375,13692.1708984375,34515.18298022461,5963.59765625,32233.71875,70836.2265625,18382.34817934418,13052.0341796875,172
2021-10-21,294,10,6751.0,13015.396484375,2321.1171875,32292.002971191407,5707.9609375,27255.8828125,69994.296875,17158.44103376007,10208.2861328125,172
2021-10-22,295,10,38144.896103896106,35888.37109375,15347.47265625,31074.610498291015,5565.5302734375,26157.837890625,66067.5234375,16004.843380729675,10364.076171875,172
2021-10-23,296,10,45768.0,49905.7734375,18564.296875,29951.94811303711,5033.1376953125,24471.966796875,66067.5234375,15292.888156692505,9746.1591796875,171
2021-10-24,297,10,63435.0,54586.87109375,27771.431640625,30371.161296264647,5016.058203125001,25504.279296875,62325.96875,15502.68842773056,9842.1669921875,170
2021-10-25,298,10,70424.0,66385.7109375,41614.0703125,28485.722900878907,4507.22607421875,22506.7890625,60099.41523437502,14351.339433418274,9162.626953125,172
2021-10-26,299,10,7455.0,9865.0732421875,4563.56982421875,28456.960666259765,4658.0185546875,21935.986328125,61826.65234375,14467.68209225464,8637.921875,172
2021-10-27,300,10,21923.0,19824.935546875,7492.8974609375,29293.865105957033,5033.1376953125,22405.728515625,65824.0,15475.45186707306,9013.546875,170
2021-10-28,301,10,68609.0,59222.2734375,31197.849609375,26741.589368774414,4771.11474609375,19163.486328125,60648.4609375,13713.048624046325,7427.90087890625,172
2021-10-29,302,10,76513.0,69343.4140625,56893.8828125,28582.26030834961,4507.22607421875,21478.111328125,61928.3046875,14894.011373569489,8637.921875,171
2021-10-30,303,10,67714.0,60438.54296875,37208.58203125,27093.491740234374,4384.32958984375,19294.080078125,60648.4609375,13802.03728671646,7589.4892578125,172
2021-10-31,304,10,50742.0,43894.61328125,21805.34375,26449.917659667968,4353.65478515625,19539.7607421875,60038.41015625,13821.772920467376,7244.635498046875,172
2021-11-01,305,11,15078.0,23978.125,8422.724609375,23055.3028671875,4007.643798828125,14195.380859375,57172.765625,11937.186235748291,5852.2392578125,171
2021-11-02,306,11,6425.0,5316.12109375,2791.509765625,24391.898808349608,4036.29931640625,15927.0830078125,57270.16171875002,12384.099275398254,6313.51416015625,171
2021-11-03,307,11,8753.0,10689.623046875,5272.61376953125,22193.40059777832,3995.0031005859382,13628.162109375,53312.1640625,11069.45694041443,5374.1103515625,172
2021-11-04,308,11,14567.194630872484,16654.4765625,7150.03515625,23902.202920288088,3606.808349609375,16824.185546875,53312.1640625,11726.731516960144,6387.98193359375,170
2021-11-05,309,11,5428.0,6379.08984375,2627.677978515625,21662.72237902832,3606.808349609375,14195.380859375,51294.0703125,10372.61125315857,5623.02001953125,172
2021-11-06,310,11,5267.0,6587.4658203125,3227.54931640625,20508.577043579102,3327.4114257812507,12933.3408203125,47380.01328125,9688.891168331147,5374.1103515625,171
2021-11-07,311,11,11316.0,10407.1015625,2552.406982421875,20112.703567382814,3416.97998046875,12380.3828125,48246.4453125,9392.847691719055,5211.950927734375,171
2021-11-08,312,11,9586.0,16911.91015625,5730.57861328125,20796.391048461915,3606.808349609375,14195.380859375,47526.62890625,9304.433209430694,5374.1103515625,172
2021-11-09,313,11,6107.0,7323.328125,4153.07080078125,18174.742810913085,3416.97998046875,11626.1982421875,45783.40234375,8132.556569759369,4657.430908203125,171
2021-11-10,314,11,60034.0,58089.296875,32869.30859375,19044.701911743163,3416.97998046875,11783.7255859375,46992.45703125,8582.087031906129,5167.1279296875,171
2021-11-11,315,11,10019.0,11872.1689453125,5574.931640625,17112.71870690918,3340.897216796875,9225.6728515625,45485.62890625,7677.676522590637,3848.798095703125,170
2021-11-12,316,11,11084.0,9918.833984375,4651.37255859375,17122.611813964842,2993.5234375,9636.3876953125,45485.62890625,7779.045690864563,3920.319091796875,170
2021-11-13,317,11,6476.0,7172.34521484375,3015.001953125,17857.464979003908,3206.039306640625,11155.2958984375,46235.0078125,7976.946400390625,4136.7646484375,172
2021-11-14,318,11,2334.0,3510.79296875,1815.474365234375,17535.147810546874,3206.039306640625,10809.23046875,45485.62890625,7929.409775695801,3920.319091796875,172
2021-11-15,319,11,2201.0,3084.421142578125,1814.575439453125,16792.342807373047,2708.27294921875,9097.2724609375,45342.5390625,7489.726284973144,3759.1796875,172
2021-11-16,320,11,1722.0,3082.589111328125,1762.4437255859375,17296.94090222168,2891.864379882814,10097.513671875,45342.5390625,7736.619138549805,3920.31201171875,171
2021-11-17,321,11,1929.0,3079.76708984375,1308.7491455078125,16823.042424804687,2943.447265625,9636.3876953125,43382.6484375,7542.917634765625,3759.1796875,172
2021-11-18,322,11,9518.0,13351.7255859375,5104.337890625,16478.77881994629,2514.47802734375,7586.392578125,44732.0546875,7471.140556213379,3563.0146484375,171
2021-11-19,323,11,2344.0,2593.65771484375,1221.3365478515625,15843.173944458007,2514.47802734375,7745.17578125,43382.6484375,6956.912925354004,3563.55078125,172
2021-11-20,324,11,4313.0,4960.57958984375,2205.939697265625,16220.37434375,2940.328881835938,7984.85205078125,44732.0546875,7457.866091491699,3534.023193359375,171
2021-11-21,325,11,10814.0,9185.7978515625,3578.20068359375,14861.427025512696,2514.47802734375,7422.87939453125,42693.34375,6825.348940246582,3348.2509765625,172
2021-11-22,326,11,38586.0,35559.6328125,13055.927734375,14087.134328613281,2443.14404296875,6994.39306640625,39155.94921875,6292.5041832885745,3136.1513671875,172
2021-11-23,327,11,6975.0,8616.0791015625,3302.1904296875,13741.210985595702,2432.391845703125,6970.194091796875,37496.69921875,6197.646011352539,3191.48876953125,171
2021-11-24,328,11,4763.0,5439.59326171875,2612.23876953125,13827.877094604492,2498.1494140625,6770.198974609375,38056.703125,6250.398985778808,2938.355712890625,172
2021-11-25,329,11,2275.0,3766.888427734375,1520.71533203125,13368.371969604492,2441.635009765625,6384.5107421875,37496.69921875,5974.638386108399,2876.586181640625,171
2021-11-26,330,11,18447.0,19838.283203125,6208.09716796875,12130.6182734375,2432.391845703125,6754.412109375,33423.25390625,5320.460517028809,2895.29443359375,172
2021-11-27,331,11,37466.0,37383.27734375,15771.3505859375,13435.993903564453,2514.47802734375,6754.412109375,35463.77890625001,6100.37202532959,2876.586181640625,170
2021-11-28,332,11,12190.0,16378.2451171875,5459.6591796875,12606.392,2441.635009765625,6754.412109375,34596.40625,5478.548410095214,2895.29443359375,172
2021-11-29,333,11,3379.0,4028.6064453125,1537.1365966796875,12295.059455322265,2427.912719726563,5945.048828125,34457.40937500002,5324.854037475586,2687.10546875,172
2021-11-30,334,11,984.0,1323.2425537109375,181.3020782470703,11356.09419519043,2441.635009765625,5704.23876953125,31115.00839843755,4868.395523986816,2614.32080078125,171
2021-12-01,335,12,928.0,1265.2908935546875,585.049560546875,11938.36911669922,2310.600830078125,5708.615234375,34394.6484375,5167.43645916748,2648.794921875,171
2021-12-02,336,12,8757.986666666666,8652.4169921875,4044.88623046875,10895.322869873047,2218.815673828125,5492.23095703125,33002.0078125,4652.624392211914,2553.176025390625,171
2021-12-03,337,12,638.0,1930.838134765625,581.99951171875,11989.727590332031,2268.319580078125,5874.80126953125,33715.34375,5149.868692626953,2687.10546875,172
2021-12-04,338,12,82.0,661.417236328125,21.288414001464844,11292.767395385743,1997.3900146484375,5692.1171875,33715.34375,4850.6696022338865,2476.97314453125,172
2021-12-05,339,12,1006.0,1168.9925537109375,460.6546325683594,12026.973669799805,2218.815673828125,5704.822265625,35022.2578125,5178.847231567383,2616.742431640625,172
2021-12-06,340,12,2804.0,2660.394287109375,1365.3538818359375,11213.085110839844,2061.23681640625,5692.1171875,33002.0078125,4780.283736572265,2545.2001953125,172
2021-12-07,341,12,3870.0,3343.892578125,1775.3372802734375,11739.486420166015,1994.9058837890625,5704.822265625,33423.25390625,5052.819794433593,2620.654052734375,170
2021-12-08,342,12,2362.0,3305.74560546875,1713.404541015625,10403.387451538087,1953.697924804688,4915.31591796875,30905.341796875,4506.552271362305,2220.744140625,172
2021-12-09,343,12,712.0,1636.03662109375,723.0908203125,10433.50496105957,1889.099853515625,5262.91357421875,28770.126953125,4366.8786845703125,2330.85009765625,171
2021-12-10,344,12,62.0,892.7144775390625,62.169410705566406,9975.80713305664,1964.0987670898437,5262.91357421875,28697.76953125,4238.916903076172,2359.0882568359375,173
2021-12-11,345,12,8757.986666666666,8738.9345703125,3898.530029296875,10151.281775512696,1964.4569091796875,5471.46630859375,27932.85546875,4281.22464440918,2379.232421875,173
2021-12-12,346,12,8757.986666666666,8950.14453125,3945.533203125,10898.31525805664,1960.87548828125,5523.93994140625,30905.341796875,4640.444878173828,2432.643310546875,174
2021-12-13,347,12,1755.0,1882.132080078125,892.224365234375,10939.968530151367,1971.8897094726562,5639.48828125,30905.341796875,4618.787382751465,2432.643310546875,175
2021-12-14,348,12,2920.0,3046.129638671875,1388.0804443359375,10418.17789465332,1994.9058837890625,5262.91357421875,30905.341796875,4433.385595153809,2243.465576171875,176
2021-12-15,349,12,1785.0,2174.23291015625,1082.9315185546875,10436.847475830078,1889.099853515625,4984.8017578125,28776.646484375,4387.64832787323,2351.227294921875,176
2021-12-16,350,12,8757.986666666666,8995.73828125,3975.9140625,11361.175044921874,1960.87548828125,5704.23876953125,33423.25390625,4882.234609336853,2513.332275390625,178
2021-12-17,351,12,4388.0,5678.494140625,2777.626953125,10263.871624389649,1861.1082763671875,5506.0947265625,28697.76953125,4328.177220954895,2432.643310546875,179
2021-12-18,352,12,2989.0,3375.010986328125,2135.333740234375,10459.391369995117,1964.4569091796875,5492.23095703125,28776.646484375,4522.663895606995,2366.94921875,179
2021-12-19,353,12,2252.0,2556.0029296875,1113.607421875,10563.49400024414,1723.1585693359375,5678.2578125,28770.126953125,4514.482473304749,2432.643310546875,180
2021-12-20,354,12,19759.0,16443.712890625,5954.2705078125,10565.806478149414,1723.1585693359375,4984.8017578125,28776.646484375,4498.337998527527,2366.94921875,181
2021-12-21,355,12,11932.0,8950.6689453125,3524.652099609375,10350.85699597168,1663.37255859375,5492.23095703125,28705.005273437502,4376.748151702881,2367.63623046875,183
2021-12-22,356,12,641.0,1434.800048828125,560.4242553710938,10112.291706481934,1712.2677001953125,4984.8017578125,27976.41464843751,4294.975583915711,2330.85009765625,184
2021-12-23,357,12,3460.0,5594.4228515625,2273.679443359375,9413.338988952637,1614.0548095703125,4909.3759765625,27976.41464843751,4035.441460823059,2232.1048583984375,184
2021-12-24,358,12,8757.986666666666,9113.36328125,3964.031494140625,9763.566313171386,1658.4407836914065,4696.7626953125,28697.76953125,4195.082155693054,2243.465576171875,186
2021-12-25,359,12,2881.0,9997.716796875,4612.90576171875,9240.634600769043,1559.587890625,4190.77978515625,27047.54902343752,3986.602924819946,1904.9271240234375,187
2021-12-26,360,12,5388.0,10859.3486328125,3489.509765625,9809.411290161133,1613.8757446289062,4594.00830078125,28770.126953125,4245.337700698852,2049.987548828125,188
2021-12-27,361,12,14289.0,18961.791015625,7010.87841796875,9244.9127421875,1612.26416015625,4320.4716796875,25656.16015625,4074.577224746704,2014.8257446289062,189
2021-12-28,362,12,3350.0,3473.882568359375,1797.2020263671875,10213.181939575195,1614.0548095703125,5311.97998046875,28368.447265625,4529.006152107238,2379.232421875,190
2021-12-29,363,12,2398.0,2196.833251953125,1335.3692626953125,9732.405049499512,1614.0548095703125,4915.31591796875,25656.16015625,4301.34712096405,2283.6142578125,191
2021-12-30,364,12,4884.0,4813.67822265625,2295.40380859375,10180.96102923584,1614.0548095703125,4892.150390625,25883.829687500052,4607.7888888549805,2366.94921875,192
2021-12-31,365,12,1102.0,1701.2125244140625,515.4208374023438,10308.747458862304,1614.0548095703125,5581.714111328125,27932.85546875,4594.674745368958,2545.2001953125,193
2022-01-01,1,1,2606.0,2454.158935546875,1184.5799560546875,9606.212807678223,1567.9180908203125,4984.8017578125,22589.756445312527,4281.316335792541,2400.376953125,192
2022-01-02,2,1,1585.0,1849.6953125,743.49853515625,9707.94884564209,1796.741943359375,5544.775390625,24887.24726562502,4302.862027626037,2545.2001953125,193
2022-01-03,3,1,4236.0,4344.4384765625,1612.5577392578125,9903.171729064941,1681.5260375976563,5441.1220703125,24801.8125,4422.055239589691,2679.0830078125,196
2022-01-04,4,1,3847.0,4397.40185546875,1947.35107421875,9522.498926574706,1607.8295532226566,5023.045166015625,23637.962890625,4225.470423656464,2513.332275390625,194
2022-01-05,5,1,10089.0,18141.86328125,4300.3193359375,9735.642119384765,1567.9180908203125,4996.2734375,27932.85546875,4450.425326202392,2589.44677734375,198
2022-01-06,6,1,20198.0,15755.1982421875,5965.958984375,9656.643490234375,1663.37255859375,5155.279296875,23908.4609375,4530.653450832367,2704.626953125,198
2022-01-07,7,1,25574.0,23386.03125,9315.3330078125,11245.403756591797,1658.4407836914065,6158.1513671875,28776.646484375,5318.354730659485,2915.5771484375,200
2022-01-08,8,1,1727.0,2773.55322265625,961.9044799804688,11117.75745123291,1712.2677001953125,5544.775390625,28368.447265625,5244.664660549164,2773.8740234375,200
2022-01-09,9,1,35385.0,34067.7421875,12686.38671875,11369.248733154296,1723.1585693359375,6089.400390625,28368.447265625,5247.8147667427065,2954.7509765625,200
2022-01-10,10,1,44046.0,40520.87890625,19043.310546875,11080.079434448242,1556.3433227539065,5763.8837890625,28204.689453125,5170.524528980255,2804.8076171875,201
2022-01-11,11,1,52904.0,49801.63671875,24783.486328125,12417.374012817383,1612.26416015625,6727.568603515625,32589.359375,5701.743427474976,3038.66552734375,203
2022-01-12,12,1,2917.0,3740.610595703125,2594.52099609375,12646.610026062011,1829.1873779296875,6781.3359375,33606.671875,5827.497814971924,3311.379150390625,203
2022-01-13,13,1,1396.0,2303.84130859375,813.8850708007812,12580.440656677247,1612.26416015625,6511.132080078125,33606.671875,5912.63918453598,3022.9117431640625,203
2022-01-14,14,1,4248.0,3654.977294921875,1716.646484375,12879.435390197754,1796.741943359375,6727.568603515625,33667.095312500016,6020.784167800904,3078.4345703125,205
2022-01-15,15,1,4071.0,4542.70703125,2963.519775390625,12892.084131408692,1614.0548095703125,6749.9365234375,33667.095312500016,6066.501594055176,3311.379150390625,208
2022-01-16,16,1,6587.0,8311.1328125,4105.23828125,13422.984008728028,1614.0548095703125,7069.88525390625,33606.671875,6245.020062980652,3462.15771484375,206
2022-01-17,17,1,12437.677966101695,12993.052734375,6095.5166015625,13471.312794616699,1829.1873779296875,7317.23388671875,33606.671875,6359.305709815979,3491.10205078125,208
2022-01-18,18,1,12437.677966101695,13148.1552734375,6170.865234375,13936.636638671875,1796.741943359375,7069.88525390625,35556.671875,6892.276760494232,3577.494873046875,211
2022-01-19,19,1,12437.677966101695,13094.361328125,6208.19091796875,14577.811800964355,1861.1082763671875,7365.05517578125,36643.852734375025,7178.205689949035,3699.618408203125,211
2022-01-20,20,1,12437.677966101695,13090.7490234375,6195.46533203125,15901.680425109864,1805.11865234375,7782.7646484375,46300.73046875,7782.011449432373,3794.400390625,209
2022-01-21,21,1,61224.0,52795.48828125,24465.59375,15876.474607666016,2288.229248046875,8113.36376953125,45849.8203125,7687.028991146088,4086.701416015625,210
2022-01-22,22,1,46195.0,49296.56640625,21802.38671875,17229.399765441896,2009.5057373046875,8625.5595703125,54167.24609375,8476.472930946351,4230.88525390625,212
2022-01-23,23,1,3378.0,5094.32373046875,2900.27099609375,16264.260722229004,1829.1873779296875,7589.94970703125,48088.96484375,8023.171620319366,3817.266845703125,213
2022-01-24,24,1,2373.0,4753.865234375,2546.753662109375,16937.144711608886,2009.5057373046875,8625.5595703125,48088.96484375,8299.394136959076,4444.042236328125,210
2022-01-25,25,1,3553.0,3549.580322265625,2048.48095703125,18918.39979510498,2379.146484375,11843.32421875,54869.74609375,9559.479243213653,4954.07763671875,213
2022-01-26,26,1,3147.0,3628.69287109375,1774.3238525390625,20368.45942114258,2578.9384765625,11769.0419921875,59572.83984375,10477.43950661087,5195.337646484375,213
2022-01-27,27,1,1640.0,3745.935302734375,876.5391235351562,20045.114226135254,2698.504638671875,12197.966796875,56937.51953125,10300.909847522735,5405.853759765625,212
2022-01-28,28,1,33176.0,35485.6640625,11692.3125,19756.86797784424,2698.504638671875,11952.5576171875,55256.00312500004,10127.909002990722,5349.19677734375,214
2022-01-29,29,1,1450.0,3671.48486328125,777.5487060546875,21822.090514892578,3112.347900390625,12421.798828125,59598.078125,11536.73989466095,5665.63037109375,214
2022-01-30,30,1,31847.0,28264.94921875,10739.3369140625,22668.449335998535,3452.091064453125,13705.75,61495.62109375,11669.849425922393,6573.65771484375,214
2022-01-31,31,1,8279.0,10158.3564453125,4051.558349609375,23326.019866088867,3312.985595703125,12514.599609375,62809.45703125,12279.745757472992,5665.63037109375,214
2022-02-01,32,2,6548.0,7830.02685546875,3345.778564453125,22488.24444494629,3472.68798828125,12421.798828125,61627.00468750003,11892.183415176392,5629.751953125,212
2022-02-02,33,2,8688.0,8313.9345703125,3480.1259765625,24204.030610717775,3526.75439453125,12514.599609375,66627.90625,13012.876692684174,5908.643310546875,214
2022-02-03,34,2,33345.0,31537.724609375,13757.9912109375,25933.44130834961,4000.1906982421897,15011.5048828125,67849.6875,13842.307883647918,6892.31787109375,213
2022-02-04,35,2,10043.0,8305.9794921875,3789.685302734375,26804.42896105957,4230.00341796875,14789.59521484375,68193.234375,14561.49031628418,6909.72021484375,213
2022-02-05,36,2,16012.0,16029.806640625,6684.10693359375,28054.662497070312,4953.72265625,17192.9453125,70674.78359375002,15022.407964508056,7549.875,213
2022-02-06,37,2,3496.0,5512.599609375,1888.8636474609375,29547.19585192871,4952.881591796875,18092.73828125,71592.3984375,16039.544137886047,8170.552734375,213
2022-02-07,38,2,9716.0,11909.705078125,4635.771484375,27639.054744995115,4996.2734375,17192.9453125,71423.296875,14863.038289688111,7549.875,211
2022-02-08,39,2,2422.0,3370.153564453125,1669.9649658203125,29421.453501098633,5044.462548828125,18231.3642578125,71592.3984375,15685.90876662445,8596.2109375,213
2022-02-09,40,2,3669.0,4930.55126953125,2324.57763671875,30810.167540161132,5161.638671875,20542.08203125,73919.0703125,16752.726147418976,8977.291015625,212
2022-02-10,41,2,4653.0,6797.0087890625,2639.257080078125,30857.852682983397,5232.64306640625,20652.876953125,76866.2890625,17069.553847171785,9101.2236328125,215
2022-02-11,42,2,17920.0,22682.658203125,7878.72998046875,31799.751986450196,5155.279296875,18446.505859375,77588.9609375,17693.82901002884,8850.30078125,214
2022-02-12,43,2,84444.0,77454.015625,44126.3671875,32227.64121936035,5544.242138671875,21760.90234375,74018.09765625003,17732.607650150298,9101.2236328125,215
2022-02-13,44,2,75078.0,70319.5625,38657.921875,33170.747321044924,5161.638671875,22620.4609375,75754.1796875,18393.01093387222,9479.8916015625,210
2022-02-14,45,2,67053.0,60429.03125,34624.96484375,34920.19436083984,6184.892187500001,23236.384765625,80054.265625,19601.971194496156,9845.111328125,214
2022-02-15,46,2,18528.0,33225.6328125,11572.025390625,34901.61069799805,6089.0615234375,23908.4609375,77749.3828125,19070.29348937988,9857.4267578125,214
2022-02-16,47,2,5110.0,6933.09912109375,3307.385986328125,36929.339203857424,7103.858935546875,24745.53125,80054.265625,20687.58287475586,10196.119140625,212
2022-02-17,48,2,10094.0,10399.20703125,2617.18701171875,37972.822307617185,7365.05517578125,24698.0390625,81759.4921875,21367.89385192871,10396.5009765625,212
2022-02-18,49,2,52726.0,59165.62890625,29520.716796875,38422.0307980957,7653.7412109375,27237.861328125,81759.4921875,21594.604403442383,10777.169921875,213
2022-02-19,50,2,35442.64071856288,34076.5,14253.1689453125,38360.681452148434,7382.61181640625,28300.853515625,81759.4921875,21475.721994506835,11809.8896484375,213
2022-02-20,51,2,35442.64071856288,33335.19921875,13989.1689453125,40914.84165600586,7876.078125,32103.84375,88478.3828125,23151.264504882813,13667.548828125,214
2022-02-21,52,2,12315.0,17499.57421875,3315.65869140625,38893.868951416014,7673.64580078125,28919.0625,81759.4921875,21936.200345214842,11920.3466796875,212
2022-02-22,53,2,58633.0,60623.66015625,28511.443359375,40119.828548095706,7876.078125,29827.986328125,83271.21875,22506.012967407227,12175.63916015625,210
2022-02-23,54,2,42730.0,39760.6171875,16001.24609375,39600.44738793945,7653.7412109375,28300.853515625,83484.60781250005,22305.809424438477,12430.931640625,214
2022-02-24,55,2,37890.0,41160.828125,18900.29296875,41646.715830566405,7675.857421875,30527.732421875,90084.13515625005,23646.43754321289,13679.234375,213
2022-02-25,56,2,38670.0,38329.05859375,15817.9716796875,43504.25393481446,8554.954687500001,34636.95703125,91969.97109375002,25142.546149902344,15204.015625,214
2022-02-26,57,2,39719.0,34615.67578125,13876.84375,43782.600792480465,9150.2509765625,32708.48828125,97204.25,25239.629654541015,14734.83203125,213
2022-02-27,58,2,99110.0,96838.8671875,71246.4375,41477.01745263672,8736.9287109375,31221.69921875,82877.0234375,22984.166563964845,13763.734375,211
2022-02-28,59,2,101849.0,100497.53125,84623.5078125,44095.11898046875,9655.03515625,36434.72265625,89882.2109375,25043.523388671874,15507.916015625,213
2022-03-01,60,3,103284.0,103508.15625,87894.171875,45357.16349365234,9504.91796875,39725.71484375,96806.66953125002,25726.609016845705,16566.994140625,211
2022-03-02,61,3,97985.0,90741.6640625,59619.4921875,45676.59554052734,10868.3193359375,36434.72265625,101876.34296875,26326.72610986328,15564.6533203125,214
2022-03-03,62,3,63579.0,46618.40625,23270.923828125,45258.26817480469,9150.2509765625,37863.728515625,97204.25,26028.30808935547,15964.359375,214
2022-03-04,63,3,53180.0,54184.82421875,24681.869140625,48042.542295898435,9504.91796875,41010.72265625,103873.9765625,28275.467881591798,17863.1181640625,211
2022-03-05,64,3,55847.0,59767.28125,29661.365234375,47202.575624511715,9504.91796875,37817.62890625,105030.203125,28347.138562988283,15473.9765625,215
2022-03-06,65,3,14249.0,18695.69140625,10804.1298828125,48719.68681542969,10868.3193359375,39947.72265625,103909.91406250001,28895.535670654295,17806.185546875,213
2022-03-07,66,3,109585.0,109654.6875,81718.6953125,50816.07631152344,9504.91796875,41010.72265625,105960.953125,31353.744680664062,18642.037109375,208
2022-03-08,67,3,109138.0,107299.296875,85343.0,49450.990525390625,11550.2177734375,39725.71484375,105960.953125,30251.62490551758,16591.9052734375,210
2022-03-09,68,3,108396.0,108495.2578125,92334.296875,50547.265330078124,11529.838671875,39947.72265625,105697.21796875,30793.99913769531,17863.1181640625,215
2022-03-10,69,3,93953.0,88815.671875,64896.75,51689.33390039062,11750.6328125,42941.59765625,109225.2109375,31486.299947998046,18617.1435546875,213
2022-03-11,70,3,118085.0,114968.5859375,94517.859375,50870.817385742186,11529.838671875,43200.22265625,105549.0546875,30981.26830419922,18422.849609375,214
2022-03-12,71,3,115848.0,115283.921875,101129.9609375,52825.78237402344,13421.4619140625,43200.22265625,109225.2109375,32133.028046630858,19311.166015625,213
2022-03-13,72,3,110392.0,112069.1015625,98482.6484375,53084.30480859375,12586.978515625,45341.931640625,107505.90625,32172.905678710937,20494.5078125,212
2022-03-14,73,3,109401.0,112239.6171875,99808.0703125,57012.23317382813,13641.431640625,48598.5546875,109225.2109375,34934.265740234376,23802.796875,212
2022-03-15,74,3,20784.0,20238.560546875,11168.7314453125,58024.97908251953,14960.080761718751,52400.87890625,108577.1640625,36006.26684594726,25401.541015625,214
2022-03-16,75,3,23811.0,22362.703125,12144.4462890625,57107.136010253904,14985.6748046875,49833.9375,110756.625,35384.21346435547,24053.912109375,213
2022-03-17,76,3,19347.0,23685.84375,13408.123046875,58740.69004248047,15158.705078125,49230.75390625,116202.3125,37545.23484301758,23802.796875,214
2022-03-18,77,3,72175.0,69563.015625,38616.71875,57069.81842285156,16049.57119140625,48254.63671875,116001.71875,35815.76973828125,22990.23046875,212
2022-03-19,78,3,102015.0,103379.15625,69541.6015625,59936.58588330078,15996.748046875,51047.763671875,114363.28984375004,38213.963713623045,24053.912109375,212
2022-03-20,79,3,114573.0,114858.1484375,100503.6875,58412.45937158203,15912.943750000004,48254.63671875,112736.046875,36869.7877253418,22240.16015625,209
2022-03-21,80,3,115916.0,117349.234375,105064.875,63429.32251416016,16714.28125,55933.62109375,117379.07734375002,41523.55893994141,26916.111328125,210
2022-03-22,81,3,115907.0,117036.609375,105506.4765625,62360.22568164062,16055.4404296875,53545.44921875,117305.1796875,40197.39789916992,24309.681640625,214
2022-03-23,82,3,109549.0,112185.8359375,102497.328125,60797.56232617187,16055.4404296875,52565.21484375,116809.71875,39264.64643359375,25419.1845703125,212
2022-03-24,83,3,112519.0,110925.1015625,101127.1328125,63528.2121875,16055.4404296875,56884.296875,117379.07734375002,41449.46189746094,26953.4375,214
2022-03-25,84,3,100579.0,99807.15625,84588.4140625,63558.08197119141,19447.279296875,56884.296875,118044.15625,41340.25353051758,27066.20703125,214
2022-03-26,85,3,15060.0,14456.982421875,9569.7470703125,61230.76181054687,16824.318359375,52400.87890625,116809.71875,39969.96186254883,25971.42578125,212
2022-03-27,86,3,101679.0,101128.8828125,72292.3359375,63773.57495458984,16714.28125,57698.35546875,117205.4609375,41256.37630224609,27634.169921875,215
2022-03-28,87,3,78802.0,67407.859375,49386.22265625,64021.7557890625,18062.12890625,55057.9921875,120178.25,41851.803532226564,25436.828125,212
2022-03-29,88,3,47939.0,46195.0703125,20916.716796875,66768.31167041016,21077.30078125,60978.70703125,118524.546875,44031.740541259765,28377.55859375,211
2022-03-30,89,3,67545.0,66063.6796875,36857.4140625,68152.25412548828,19867.359375,64207.515625,120209.9296875,45854.71914648438,29352.3955078125,213
2022-03-31,90,3,102629.0,97142.4921875,65121.359375,67690.09974072265,22344.392578125,63979.796875,120002.8984375,44768.74788989258,29191.693359375,212
2022-04-01,91,4,88856.0,72285.5078125,49609.296875,73398.54145410156,23836.958984375,74346.55859375,120421.1953125,50359.469078125,37579.984375,211
2022-04-02,92,4,48883.0,53333.0859375,26175.40625,72386.68518261719,23872.298828125,71613.359375,120421.1953125,48733.05743798828,35975.029296875,214
2022-04-03,93,4,76974.0,80281.3828125,39324.54296875,74174.55022021485,22538.080078125,74766.3125,120992.021875,51540.27049316406,37579.984375,212
2022-04-04,94,4,34770.0,36476.95703125,19066.169921875,74355.98606054687,23997.060546875,73562.625,120294.859375,50648.937356933595,36910.42578125,212
2022-04-05,95,4,69134.0,67996.296875,33018.35546875,72513.07543408203,23836.958984375,71246.125,120178.25,48932.61116162109,34969.796875,212
2022-04-06,96,4,16419.0,18469.51171875,8436.091796875,75853.45280664062,24047.733984375,79417.296875,120453.03984375001,51982.54159375,43220.30859375,213
2022-04-07,97,4,41495.0,43610.8515625,15570.0263671875,75743.57961865234,24006.17578125,79762.95703125,120739.640625,52532.30028515625,45408.12890625,212
2022-04-08,98,4,89505.0,72167.140625,36908.7109375,74720.62751269531,24611.453125,74986.15625,120215.12109375,50693.73828857422,39204.56640625,213
2022-04-09,99,4,65335.0,69280.25,29405.603515625,77299.05163623046,24052.3515625,83872.09375,120339.33750000001,53865.65896972656,47281.26171875,214
2022-04-10,100,4,61570.0,60782.0546875,22458.642578125,77981.37867089844,24611.453125,84172.765625,120215.12109375,53739.51007763672,47577.107421875,210
2022-04-11,101,4,62762.0,60110.27734375,26013.912109375,76548.77650537109,23915.0234375,83872.09375,120307.49296875,53044.92830566406,46798.609375,212
2022-04-12,102,4,114049.0,108928.6484375,77947.2109375,76691.8490234375,24052.3515625,79729.9921875,120209.9296875,52393.37926708984,45408.12890625,214
2022-04-13,103,4,97733.0,95294.953125,59250.28125,76727.8784609375,24611.453125,79865.359375,120178.25,52189.207209960936,43930.02734375,214
2022-04-14,104,4,29507.0,37030.8203125,17689.82421875,78652.79358203126,25403.7818359375,84172.765625,120544.8515625,54441.53087792969,48355.60546875,211
2022-04-15,105,4,11693.0,13480.216796875,9017.3828125,78469.38953808593,25697.447265625,84172.765625,120544.8515625,54011.62571875,48166.33984375,212
2022-04-16,106,4,113257.0,111817.9296875,79349.3125,79969.93063867188,26955.869140625,84391.828125,120739.640625,54907.78161279297,48166.33984375,214
2022-04-17,107,4,117640.0,116356.2265625,86524.3515625,78288.18648339844,27847.48046875,79795.921875,120178.25,52639.72637988281,45408.12890625,213
2022-04-18,108,4,120093.0,118656.296875,100998.140625,79410.90217871094,31441.453125,82428.6796875,120883.8359375,53480.68122314453,45644.234375,213
2022-04-19,109,4,66636.0,70000.4921875,38116.21484375,77968.5445078125,26408.5390625,79830.640625,121532.6875,52936.194265625,45408.12890625,214
2022-04-20,110,4,68003.0,57422.96484375,27018.458984375,81238.5599248047,28805.0625,86905.2734375,120319.85859375,54877.27682373047,48888.8359375,214
2022-04-21,111,4,72413.0,67330.34375,33196.51953125,80629.95984472656,30150.634765625,83953.703125,120209.9296875,54030.04589794922,48355.60546875,215
2022-04-22,112,4,98863.0,88236.7890625,51686.95703125,82225.52796679687,30150.634765625,90028.2890625,120883.8359375,55360.89847851563,51019.35546875,213
2022-04-23,113,4,93620.0,102115.9140625,75744.3515625,80768.520453125,27847.48046875,85159.1171875,120294.859375,53992.276603515624,47281.26171875,214
2022-04-24,114,4,101419.0,100130.4453125,64739.8359375,81879.16802246094,30150.634765625,87047.5234375,120209.9296875,54544.32408398438,48095.8671875,213
2022-04-25,115,4,34677.0,45366.3125,21148.642578125,82344.99886035157,27847.48046875,87047.5234375,120883.8359375,55962.221458007814,48888.8359375,213
2022-04-26,116,4,82923.0,93174.3359375,56099.3359375,81941.14711914063,30150.634765625,86905.2734375,121409.3828125,55232.605833007816,48166.33984375,213
2022-04-27,117,4,97917.0,106232.15625,80060.3984375,83019.82000878906,34663.15390625,88263.6875,120945.6484375,56146.550028320315,50310.25,214
2022-04-28,118,4,113089.0,114110.3671875,89604.8828125,83068.52456640625,31404.526367187507,87047.5234375,120945.6484375,55942.7595390625,48888.8359375,211
2022-04-29,119,4,122073.0,117150.2109375,95098.6875,82762.20062792969,30150.634765625,87148.2890625,120739.640625,55518.2591953125,50060.412109375,215
2022-04-30,120,4,70367.0,73153.3125,34633.20703125,83955.66245898437,34691.50390625,88263.6875,121321.4296875,55971.83740625,50664.802734375,213
2022-05-01,121,5,74485.0,75546.6875,40160.36328125,85090.15400488282,35546.8984375,90852.078125,120883.8359375,57283.81168359375,51560.5,213
2022-05-02,122,5,3983.0,33420.734375,12102.775390625,84135.24515332031,34691.50390625,87769.9921875,120945.6484375,55841.38813476563,49998.111328125,213
2022-05-03,123,5,64211.0,76725.4296875,40826.95703125,85139.38651464843,30150.634765625,91611.75390625,122814.31015625001,57509.98234570312,51130.00390625,213
2022-05-04,124,5,75209.0,84521.1640625,45179.40234375,85292.06559082032,31769.935546875,90658.2109375,123107.421875,57704.128609375,51019.35546875,214
2022-05-05,125,5,55839.0,51367.60546875,24556.6484375,84353.81671972656,38350.46875,87249.0546875,121532.6875,56047.8055234375,49954.76171875,213
2022-05-06,126,5,89133.0,89605.921875,50920.54296875,84402.35917773437,36995.28671875001,87249.0546875,121606.375,55849.29777539062,50175.85546875,214
2022-05-07,127,5,62741.0,70478.4296875,32945.28515625,85273.80575878907,37857.89453125,88263.6875,121330.225,57049.10740820313,51418.62890625,214
2022-05-08,128,5,113393.0,119061.8125,94028.921875,85824.90151464843,39558.985156250004,90852.078125,120945.6484375,57163.341750976564,51656.40625,213
2022-05-09,129,5,121841.0,120553.0703125,101605.5078125,87468.82915234375,41645.562500000015,91497.0859375,122975.29765625,58746.22992675781,51656.40625,212
2022-05-10,130,5,83532.0,90609.6640625,58179.359375,85466.02819335938,37857.89453125,88101.78515625,122781.7421875,56657.55832617188,51019.35546875,214
2022-05-11,131,5,60379.0,64111.37890625,24530.09765625,86482.84431933594,37156.21875,93830.3203125,121321.4296875,57373.63272851562,52045.71484375,215
2022-05-12,132,5,87544.0,88521.375,43516.484375,86527.07001953125,31769.935546875,93830.3203125,122960.6171875,57960.58519140625,52049.98046875,213
2022-05-13,133,5,51246.0,55685.24609375,24995.212890625,86945.557,37857.89453125,93349.8125,122781.7421875,58055.32904882813,52045.71484375,215
2022-05-14,134,5,69993.0,67752.796875,28552.603515625,86738.52806445313,37857.89453125,93882.015625,120644.97421875002,57619.67095507812,54678.208984375,215
2022-05-15,135,5,113632.0,115907.609375,84832.875,87469.549078125,39687.18359375,94197.578125,121344.51875,58531.98874121094,55562.6796875,213
2022-05-16,136,5,90818.0,90518.3359375,57060.921875,88833.64033300782,37857.89453125,96886.5859375,123107.421875,60573.24517089844,59560.900390625,211
2022-05-17,137,5,113226.0,105136.875,71623.9921875,87787.2910234375,39687.18359375,93590.06640625,122960.6171875,58974.595154296876,54791.59765625,211
2022-05-18,138,5,122999.0,120999.5859375,93556.984375,89649.11808886718,42025.828125,95696.8203125,121348.4296875,60638.93401269531,57888.828125,214
2022-05-19,139,5,106655.0,101527.09375,68965.796875,89121.05115039063,39558.985156250004,96679.7578125,121606.375,60192.12470214844,58117.27734375,214
2022-05-20,140,5,79389.0,81494.0,39060.1015625,87706.48260253906,39038.54296875,93830.3203125,121606.375,59071.069208007815,54714.62109375,210
2022-05-21,141,5,37910.0,47324.98828125,17419.46875,87954.04255957031,38405.19921875,94254.9296875,121552.3203125,58368.559604492184,54714.62109375,214
2022-05-22,142,5,76349.0,74772.3671875,35941.70703125,88986.80520703126,39038.54296875,94796.46875,122975.29765625,59886.357862304685,55562.6796875,214
2022-05-23,143,5,120947.0,118837.3671875,96773.8671875,90159.73679589844,42595.422656250004,96774.046875,122781.7421875,61167.194216796874,59254.68359375,211
2022-05-24,144,5,29992.0,26900.46875,13345.8662109375,90555.62222265625,42658.7109375,98616.234375,123107.421875,61122.87026855469,59867.1171875,213
2022-05-25,145,5,81204.0,84674.5390625,38282.77734375,90688.1997109375,42595.422656250004,99750.4375,121348.4296875,61440.093203125,61228.72265625,214
2022-05-26,146,5,67054.0,76322.59375,33694.51171875,90031.29415917968,43595.1953125,96076.46875,122781.7421875,61146.82535644531,57888.828125,213
2022-05-27,147,5,85088.0,85329.3984375,42157.86328125,90194.91243652343,43189.68359375,96076.46875,121606.375,61274.34622363281,58117.27734375,212
2022-05-28,148,5,28825.0,33986.234375,14113.2451171875,92481.2175078125,48802.62109375,100650.734375,122002.796875,63566.5330546875,62941.2734375,213
2022-05-29,149,5,60590.0,60145.0234375,30233.111328125,92971.68864160156,48802.62109375,101303.0234375,121646.01718750001,64273.206799804684,63607.50390625,212
2022-05-30,150,5,67635.0,70557.421875,31839.357421875,90437.24726171874,42658.7109375,96868.3359375,122002.796875,62093.38015625,59867.1171875,211
2022-05-31,151,5,77793.0,81681.1171875,39564.2421875,90376.47926757812,41863.16015625,98942.046875,121348.4296875,61904.09230371094,61333.947265625,214
2022-06-01,152,6,70210.0,73992.890625,29426.87890625,88793.62605664063,39038.54296875,96868.3359375,121552.3203125,60575.225063476566,58219.3984375,215
2022-06-02,153,6,82379.0,92837.0078125,51868.734375,90155.73872167969,48608.797265625006,96378.11328125,120647.67421875002,61470.10321289062,58385.62890625,213
2022-06-03,154,6,118545.0,121017.4765625,105046.859375,89853.61880273437,41863.16015625,98963.8359375,121606.375,61944.430532226565,61772.26171875,213
2022-06-04,155,6,110692.0,110012.1796875,77990.46875,91564.1188984375,43595.1953125,99357.13671875,122781.7421875,63772.323016601564,62941.2734375,210
2022-06-05,156,6,107491.0,111867.703125,84803.3046875,88692.33802734375,41645.562500000015,95819.3359375,119592.5859375,60126.349060546876,58168.337890625,213
2022-06-06,157,6,56119.0,55534.04296875,25912.19140625,89041.8428564453,39038.54296875,96868.3359375,120613.78359375,60488.175118164065,58385.62890625,215
2022-06-07,158,6,74905.0,85779.8203125,49666.015625,92085.65774121093,50480.44140625,99750.4375,121348.4296875,63451.558469726566,63274.388671875,210
2022-06-08,159,6,102586.0,105885.8125,69528.9921875,90939.18418359375,43189.68359375,98963.8359375,121557.72578125,62617.074291015626,62663.0078125,212
2022-06-09,160,6,88563.0,90955.7421875,58836.19140625,90639.05150878907,43595.1953125,97257.74609375,121606.375,61917.84604296875,60284.9765625,214
2022-06-10,161,6,94608.0,84932.875,50682.03515625,90990.52256347657,43189.68359375,100904.109375,121368.81875,62886.4973203125,63634.92578125,212
2022-06-11,162,6,71826.0,80671.890625,45600.71484375,88279.34680957031,43136.586328125006,97093.4140625,119392.484375,60047.15441308594,59976.9453125,210
2022-06-12,163,6,74148.0,72897.28125,41552.42578125,87785.18625683594,41863.16015625,97422.078125,118863.9609375,59534.801055664066,59521.654296875,214
2022-06-13,164,6,84322.0,87394.4921875,47805.640625,87909.5945703125,43554.644140625,96980.875,119592.5859375,59729.15415039063,59788.625,212
2022-06-14,165,6,41063.0,45626.171875,23566.38671875,88749.97387402343,45182.61328125,96868.3359375,118315.921875,59839.38705078125,59867.1171875,210
2022-06-15,166,6,78807.0,81828.109375,47088.83203125,89627.59358300781,45364.00390625,95892.640625,118735.76718750001,60416.167836914065,59788.625,214
2022-06-16,167,6,99222.0,103824.25,63992.9765625,88306.56362207032,43325.29296875,96867.75,119235.390625,60331.273828125,60284.9765625,215
2022-06-17,168,6,109098.0,109987.9453125,77718.953125,86729.0669453125,39066.59375,95230.21875,119392.484375,58604.17033886719,58013.4609375,214
2022-06-18,169,6,111304.0,109635.390625,91975.5390625,87927.59674023438,43325.29296875,96867.1640625,118992.1328125,59868.52337988281,59976.9453125,212
2022-06-19,170,6,106850.0,106264.859375,79059.6796875,86022.67344238282,38735.64140625002,94796.46875,118863.9609375,58108.015517578126,57394.31640625,215
2022-06-20,171,6,25755.0,30882.203125,15984.572265625,84363.85216601563,36009.52734375,91605.59765625,118349.51250000001,56306.0796484375,52953.921875,214
2022-06-21,172,6,96668.0,91498.09375,56511.6171875,83822.15196972656,36312.159375,91601.3046875,116933.44687500001,55418.00541015625,52317.6640625,213
2022-06-22,173,6,108382.0,109768.6875,81840.2734375,85544.4380859375,36345.78515625,94359.546875,118992.1328125,58017.82576367188,55361.138671875,214
2022-06-23,174,6,117688.0,117986.9296875,102110.0546875,83902.51004003907,39066.59375,89606.6953125,117343.28125,55400.61931640625,51552.875,213
2022-06-24,175,6,118747.0,118379.6640625,113258.7734375,83689.3091357422,39038.54296875,89113.15625,116686.7109375,55112.080790039065,51331.123046875,212
2022-06-25,176,6,98621.0,96118.453125,67336.8671875,85062.79757714843,43189.68359375,89606.6953125,116686.7109375,56542.92897460938,52547.625,212
2022-06-26,177,6,105545.0,108763.5546875,78865.7890625,82628.96577734375,38047.046875,87705.68359375,116599.609375,54302.62577734375,49896.94921875,210
2022-06-27,178,6,111833.0,113133.140625,87478.28125,81636.67915820313,36345.78515625,86437.3984375,116478.328125,52939.94919628906,49003.451171875,209
2022-06-28,179,6,57358.0,50746.0703125,23933.1328125,78919.144734375,32904.48828125,82189.625,116270.53125,50228.123272460936,45405.4921875,209
2022-06-29,180,6,80766.0,87058.828125,49880.03125,80758.38532910157,36364.40234375,87249.6953125,115476.8046875,51858.832720703125,49508.28515625,206
2022-06-30,181,6,27741.0,34424.32421875,15137.849609375,80700.24948632813,35664.99609375,86989.0859375,116270.53125,52549.00513378906,49896.94921875,204
2022-07-01,182,7,53405.0,61576.02734375,29636.0703125,81303.42562597657,40987.89453125,86989.0859375,115148.3828125,51879.15147363281,49641.06640625,205
2022-07-02,183,7,94230.0,99245.0234375,65313.6171875,78924.10664453125,36009.52734375,82668.8828125,115148.3828125,50296.98373046875,45638.5,202
2022-07-03,184,7,102315.0,105373.921875,81976.53125,79353.6358828125,35975.07421875,83507.4453125,114455.453125,50543.300056640626,46143.2890625,203
2022-07-04,185,7,86435.0,92999.09375,57745.15234375,79947.57580371093,36362.540625,85489.25,115181.225,51139.7030625,48498.6171875,199
2022-07-05,186,7,101434.0,102214.0859375,72219.6015625,80618.17210742188,38047.046875,85503.33984375,116213.95078125,52019.64090527344,48459.0,202
2022-07-06,187,7,67601.0,83371.5625,44643.48828125,78175.06986132813,32390.23046875,82819.4140625,112960.02890625001,49973.73398095703,45703.58203125,198
2022-07-07,188,7,25464.0,28905.80078125,14685.7568359375,81316.16126660156,37878.78242187501,87269.71875,115549.89062500001,53041.91772167969,50554.42578125,199
2022-07-08,189,7,60981.0,67041.59375,29717.849609375,78620.42484863281,36345.78515625,81863.34375,112920.0546875,50111.11576611328,46143.2890625,198
2022-07-09,190,7,78551.0,81671.2265625,37496.31640625,79477.17869726563,38109.7234375,81590.0234375,112920.0546875,50562.89709277344,45638.5,196
2022-07-10,191,7,89843.0,81391.71875,39206.5703125,78864.01804101563,36009.52734375,84475.921875,112097.0234375,49673.82189941406,45638.5,197
2022-07-11,192,7,86593.0,92578.4375,50736.109375,78673.94312109375,38047.046875,81863.34375,112097.0234375,49941.860971679685,45903.171875,194
2022-07-12,193,7,45071.0,64030.90625,47632.80859375,78319.71341699219,36009.52734375,83991.68359375,110686.4609375,49365.415720703124,46143.2890625,193
2022-07-13,194,7,69265.0,77825.71875,37756.92578125,78113.84088574219,36345.78515625,81887.08203125,110817.3125,49262.752990234374,45638.5,194
2022-07-14,195,7,103388.0,99388.4921875,65533.4140625,79251.23999902344,40899.227343750004,83507.4453125,110105.9375,50034.01167626953,45903.171875,193
2022-07-15,196,7,92729.0,80904.5625,46214.08984375,79401.81840429688,40987.89453125,83507.4453125,108925.84375,49781.88985791016,47229.26953125,192
2022-07-16,197,7,70359.0,69497.4609375,30904.658203125,78553.41457226562,38109.7234375,82819.4140625,108529.09375,49517.17817041016,46143.2890625,191
2022-07-17,198,7,95600.0,92331.6484375,60747.58984375,79984.58158789063,43325.29296875,83163.4296875,109638.13437500001,50789.66327832031,47209.3515625,189
2022-07-18,199,7,72846.0,82290.1328125,46178.87109375,80129.80042382813,40101.22265625,85489.25,110067.8984375,51128.04851757812,49793.9921875,189
2022-07-19,200,7,103277.0,104000.4296875,88753.2265625,79352.77711328125,40101.22265625,82744.1484375,109590.3828125,50579.17729248047,47229.26953125,188
2022-07-20,201,7,104324.0,104706.375,92722.25,78249.71871484375,38116.6875,82668.8828125,108405.35,49524.639457214354,46143.2890625,186
2022-07-21,202,7,97180.0,100060.8125,72763.484375,78369.02543066406,39066.59375,82668.8828125,109590.3828125,50060.78713049316,48928.359375,185
2022-07-22,203,7,48095.0,59908.55859375,25637.0546875,78904.03563085938,43358.684375,81887.08203125,108482.84375,50007.912059783936,45903.171875,182
2022-07-23,204,7,76643.0,75209.1953125,38424.953125,80530.56096289062,43325.29296875,85489.25,108482.84375,51452.481058685305,50371.484375,184
2022-07-24,205,7,90073.0,87910.8671875,59780.80078125,78989.16979882812,40987.89453125,82668.8828125,107689.546875,50358.907281463624,48419.3828125,181
2022-07-25,206,7,108922.0,101567.390625,79191.84375,80035.59609960938,40987.89453125,85217.91796875,109279.6328125,51802.70699630737,50371.484375,182
2022-07-26,207,7,54992.0,62989.98046875,30335.771484375,79487.57245996094,40101.22265625,83507.4453125,109590.3828125,51313.150513458255,49793.9921875,181
2022-07-27,208,7,50691.0,57892.546875,30945.826171875,78624.39466796875,38109.7234375,85034.2421875,108482.84375,50805.08559002686,49793.9921875,179
2022-07-28,209,7,104279.0,100012.8671875,68634.4453125,80110.99029199219,38116.6875,85568.7421875,109580.525,52458.159645141604,50463.896484375,178
2022-07-29,210,7,80819.0,82821.640625,49678.96875,81398.48896679688,43362.39453125,86057.6640625,109590.3828125,53607.76138305664,50975.1171875,177
2022-07-30,211,7,71884.0,72868.8125,41461.41796875,79328.2800390625,40101.22265625,82819.4140625,108482.84375,51163.26170529175,49896.94921875,176
2022-07-31,212,7,109750.0,108022.265625,83756.984375,80380.46594042968,43362.39453125,85459.51171875,109309.6125,52780.8556725769,50371.484375,176
2022-08-01,213,8,49571.0,56723.1875,27478.642578125,81935.17817382813,47255.4703125,86307.078125,108519.03125,53752.34121606445,51513.923828125,175
2022-08-02,214,8,109778.0,106536.3671875,77791.6484375,81808.97734863282,47255.4703125,85871.4453125,108482.84375,53367.86645275879,50547.18359375,174
2022-08-03,215,8,108414.0,105650.1328125,86135.03125,81140.58245410156,44302.07187500001,85964.5546875,109590.01953125,54352.533500793455,50667.1875,173
2022-08-04,216,8,96936.0,100003.421875,75764.484375,81321.60455273438,44406.48046875,85401.59375,108519.03125,53951.717944610595,50610.806640625,171
2022-08-05,217,8,56856.0,64725.62890625,34937.9921875,81038.69620898437,44406.48046875,85034.2421875,109279.6328125,53459.586686676026,50380.609375,172
2022-08-06,218,8,101850.0,102191.9609375,65682.703125,80446.14989453125,40842.32421875,85224.9453125,108007.7265625,52513.018944488525,50371.484375,172
2022-08-07,219,8,77710.0,92707.609375,61123.31640625,80581.0971640625,40842.32421875,85401.59375,108482.84375,53419.728616394044,50667.1875,171
2022-08-08,220,8,85279.0,90058.859375,58938.828125,79590.24973828124,40973.3375,82365.1171875,108366.2265625,52124.87965249634,48928.359375,170
2022-08-09,221,8,97503.0,99121.21875,66108.2109375,81783.43322558593,47958.63671875,84346.0703125,108482.84375,54001.2452935791,50371.484375,171
2022-08-10,222,8,102428.0,106368.3359375,84947.9609375,79538.87567285156,40987.89453125,81910.8203125,107947.9375,52261.390292572025,49858.59765625,170
2022-08-11,223,8,104960.0,105374.1796875,86049.9453125,81641.86872363281,40842.32421875,85871.4453125,109279.6328125,54447.61985409546,51020.20703125,172
2022-08-12,224,8,105905.0,103776.2109375,88287.3046875,79892.19061035156,40842.32421875,81863.34375,108377.88828125001,52703.4854781189,48419.3828125,172
2022-08-13,225,8,94187.0,81486.7734375,53252.04296875,80515.56540917969,44556.03125,82819.4140625,108366.2265625,53029.35892062378,48944.796875,170
2022-08-14,226,8,101497.0,99734.1328125,73927.296875,80188.83203125,44406.48046875,83338.6953125,108482.84375,53160.12799133301,48982.93359375,172
2022-08-15,227,8,81830.0,86842.4296875,54688.73828125,78564.196125,40129.63671875,81451.71875,108366.2265625,51660.17704220581,45903.171875,172
2022-08-16,228,8,102568.0,101798.90625,79171.421875,77908.60439355469,40129.63671875,80929.5234375,107947.9375,50735.37202609253,45903.171875,172
2022-08-17,229,8,8407.0,38290.0078125,21089.2421875,77202.3706953125,40842.32421875,78663.140625,107554.0234375,49573.00031854248,45314.640625,172
2022-08-18,230,8,45093.0,50235.859375,28157.5546875,77519.80789648437,39719.232031250016,79110.953125,107554.0234375,49851.724043060305,44496.1875,172
2022-08-19,231,8,38594.0,39523.10546875,13792.9365234375,77946.10026464844,40664.26953125,80929.5234375,107953.91640625,50644.167281921385,45526.8515625,172
2022-08-20,232,8,9610.0,13190.88671875,7256.58740234375,76196.26399462891,35293.859375,79110.953125,107947.9375,49290.09411386109,44496.1875,172
2022-08-21,233,8,29758.0,29213.908203125,15624.2509765625,75060.14854882812,32104.669335937502,78663.140625,107947.9375,48496.40300564575,42581.47265625,172
2022-08-22,234,8,38664.0,46377.00390625,23010.701171875,75405.3330908203,35293.859375,78489.2421875,108007.7265625,48832.833690094,42581.47265625,171
2022-08-23,235,8,42373.0,52402.140625,23197.509765625,74172.22492138672,30979.669921875,75178.3984375,107689.546875,47883.686049987795,41542.015625,172
2022-08-24,236,8,38857.0,43359.72265625,20129.728515625,74192.02313378906,29868.900390625,78663.140625,107689.546875,48432.82607592773,42581.47265625,172
2022-08-25,237,8,81542.0,77021.625,42088.05859375,73263.01325976562,29868.900390625,76791.546875,106102.28125,47105.8525362854,41384.501953125,172
2022-08-26,238,8,85479.0,87953.3046875,57795.6484375,74773.44745117187,32155.91015625,78152.90625,106102.28125,47595.59366033936,40982.1015625,171
2022-08-27,239,8,96183.0,88846.1640625,54118.3984375,73602.25219238282,30327.259765625,76770.40625,107554.0234375,47349.91925869751,41381.63671875,171
2022-08-28,240,8,19886.0,23320.791015625,10159.0498046875,74759.08042626953,32155.91015625,76791.546875,105797.8671875,48092.89361697387,42581.47265625,171
2022-08-29,241,8,41137.0,39950.703125,14794.5205078125,73208.05027734375,30327.259765625,78152.90625,105797.8671875,46330.53482781982,41381.63671875,172
2022-08-30,242,8,80660.0,72352.8046875,36341.2265625,73165.15548925781,30328.0455078125,76812.6875,105369.515625,45968.77465933227,41132.08203125,172
