simulation,annual_point_wh,annual_q10_wh,annual_point_kwh,annual_q10_kwh
0,19456715.80908203,12182078.40273285,19456.71580908203,12182.07840273285
1,19443682.948364258,12286360.88491559,19443.682948364258,12286.36088491559
2,18568967.66784668,11562911.458633423,18568.96766784668,11562.911458633424
3,20354371.22607422,13104298.885231018,20354.371226074218,13104.298885231017
4,19500022.84423828,12179670.063720703,19500.02284423828,12179.670063720703
5,19276617.87438965,12096235.145412445,19276.61787438965,12096.235145412445
6,20839910.328918457,13517881.220466614,20839.910328918457,13517.881220466614
7,19460970.85095215,12580494.874407291,19460.970850952148,12580.494874407292
8,20067115.955078125,12533056.39289093,20067.115955078127,12533.05639289093
9,19836886.889404297,12628107.862823486,19836.886889404297,12628.107862823486
10,18780790.746948242,11939687.119094849,18780.79074694824,11939.687119094848
11,19665099.673034668,12426550.065315247,19665.099673034667,12426.550065315247
12,20000736.442260742,12422136.742736816,20000.736442260742,12422.136742736817
13,18704049.547851562,11650823.606048584,18704.049547851562,11650.823606048583
14,19098917.6673584,11728753.905992985,19098.917667358397,11728.753905992984
15,19694529.799804688,12528756.502803802,19694.529799804688,12528.756502803803
16,19541788.526611328,12223171.163467407,19541.78852661133,12223.171163467407
17,18457352.040893555,11357416.986038208,18457.352040893555,11357.416986038208
18,19823008.007080078,12443354.940255404,19823.00800708008,12443.354940255404
19,18889939.298339844,11823330.25579834,18889.939298339843,11823.33025579834
20,18945991.422851562,11715926.905228853,18945.991422851563,11715.926905228853
21,19800557.86328125,12544875.42660141,19800.55786328125,12544.87542660141
22,18813095.78643799,12004839.61598587,18813.09578643799,12004.839615985871
23,19504930.977905273,12398861.289342165,19504.930977905275,12398.861289342165
24,19241371.005126953,12027840.093139648,19241.37100512695,12027.840093139648
25,19791717.614196777,12655055.955291748,19791.717614196776,12655.055955291748
26,19641818.63623047,12587190.264667511,19641.81863623047,12587.190264667512
27,19199543.091430664,12194255.613105774,19199.543091430663,12194.255613105774
28,20034973.16583252,12542025.595184326,20034.973165832518,12542.025595184326
29,20101643.0670166,13092961.684951782,20101.6430670166,13092.961684951782
30,20486861.079589844,13396748.380917788,20486.861079589842,13396.748380917788
31,20418490.23095703,13267614.129567385,20418.49023095703,13267.614129567384
32,19397606.717285156,12269876.081665039,19397.606717285154,12269.87608166504
33,19046481.10913086,12127225.063976288,19046.48110913086,12127.225063976288
34,19234514.228271484,12210682.054656982,19234.514228271484,12210.682054656982
35,18960369.80102539,11724423.455108643,18960.36980102539,11724.423455108643
36,18948195.68811035,11996164.901504517,18948.19568811035,11996.164901504517
37,19470310.30908203,12318197.380096436,19470.31030908203,12318.197380096435
38,18466018.51965332,11642273.133022308,18466.01851965332,11642.273133022309
39,19887940.900390625,12553918.87812543,19887.940900390626,12553.918878125429
40,19718014.13635254,12650076.510406494,19718.01413635254,12650.076510406494
41,19079840.0814209,11915900.506515503,19079.840081420898,11915.900506515503
42,20003754.32446289,12825572.65233612,20003.75432446289,12825.57265233612
43,18281798.717163086,11430841.76521039,18281.798717163085,11430.84176521039
44,18694033.91442871,11692871.95880127,18694.03391442871,11692.87195880127
45,19883721.553100586,12686376.94351697,19883.721553100586,12686.376943516969
46,19369108.58935547,12176230.958409548,19369.10858935547,12176.230958409547
47,20328350.100830078,13072717.679393768,20328.350100830077,13072.717679393769
48,18749578.165893555,11899560.175884247,18749.578165893556,11899.560175884248
49,18211359.912597656,10972659.481868744,18211.359912597658,10972.659481868744
50,19001120.584960938,11955883.125484467,19001.120584960936,11955.883125484466
51,18166331.444091797,11063658.260555267,18166.331444091797,11063.658260555267
52,19527385.407714844,12506264.393066406,19527.385407714843,12506.264393066407
53,19942009.96130371,12734690.254943848,19942.00996130371,12734.690254943847
54,19870306.564941406,12572186.279129028,19870.306564941406,12572.186279129028
55,19366658.795898438,12390068.28050232,19366.65879589844,12390.068280502319
56,19334004.041015625,12087797.333557129,19334.004041015625,12087.79733355713
57,19056425.44140625,11854834.096496582,19056.42544140625,11854.834096496583
58,19849392.356933594,12796282.905593872,19849.392356933593,12796.282905593873
59,18590159.94165039,11723204.044628143,18590.159941650392,11723.204044628143
60,18495678.496826172,11475048.148170471,18495.67849682617,11475.048148170472
61,19858246.839050293,12545170.693855286,19858.246839050295,12545.170693855285
62,19704012.11755371,12447793.355827332,19704.01211755371,12447.79335582733
63,19275001.50390625,12289889.118919373,19275.00150390625,12289.889118919373
64,19484880.013793945,12261302.601287842,19484.880013793947,12261.302601287842
65,19396691.89440918,12270086.323303223,19396.69189440918,12270.086323303223
66,20237066.87261963,12989438.985581636,20237.066872619627,12989.438985581637
67,20200385.42034912,12808094.461891174,20200.38542034912,12808.094461891174
68,19761391.55041504,12571341.692771912,19761.39155041504,12571.341692771912
69,20117016.991455078,12990741.52003479,20117.01699145508,12990.74152003479
70,19366472.288146973,12297186.265892029,19366.47228814697,12297.186265892029
71,19470053.623535156,12212977.442158937,19470.053623535157,12212.977442158937
72,19106872.345214844,12252901.427223206,19106.872345214844,12252.901427223205
73,19353155.926635742,12036367.548454285,19353.155926635744,12036.367548454285
74,18687807.838134766,11803602.941757202,18687.807838134766,11803.602941757203
75,19530591.493530273,12199227.698394775,19530.59149353027,12199.227698394776
76,18951282.243652344,11822793.19715619,18951.282243652342,11822.79319715619
77,19853324.439697266,12354923.736751556,19853.324439697266,12354.923736751556
78,20569319.295654297,13362421.048721313,20569.319295654295,13362.421048721313
79,19098564.325195312,12185843.524539948,19098.56432519531,12185.843524539947
80,19368923.577392578,12041121.093475342,19368.92357739258,12041.121093475342
81,19740399.237426758,12634613.324077606,19740.39923742676,12634.613324077607
82,19362003.513916016,12501706.72875595,19362.003513916017,12501.706728755951
83,19516821.915649414,12280747.974576235,19516.821915649412,12280.747974576236
84,19226456.685302734,12277582.87270093,19226.456685302735,12277.58287270093
85,19754523.505615234,12364578.54914856,19754.523505615234,12364.57854914856
86,18736490.84375,11628752.19373703,18736.49084375,11628.75219373703
87,19380284.50830078,12270788.23513794,19380.28450830078,12270.78823513794
88,19222566.7578125,11977014.11541748,19222.5667578125,11977.01411541748
89,19075310.286865234,11781707.928967714,19075.310286865235,11781.707928967715
90,19229774.341674805,12209036.157039642,19229.774341674805,12209.036157039642
91,19411795.73376465,12250919.540257692,19411.795733764648,12250.919540257692
92,18899451.564208984,11900490.218808413,18899.451564208983,11900.490218808412
93,18935260.338623047,11855266.22782135,18935.260338623048,11855.26622782135
94,19600078.35510254,12483297.781049013,19600.078355102538,12483.297781049014
95,19420128.79309082,12285738.168029785,19420.128793090822,12285.738168029786
96,19476097.123046875,12474492.681454897,19476.097123046875,12474.492681454896
97,18514205.444091797,11511242.744247437,18514.205444091796,11511.242744247436
98,18812560.322631836,11754271.872825623,18812.560322631834,11754.271872825622
99,19729610.47717285,12766278.537994385,19729.610477172853,12766.278537994385
100,20484728.564453125,12766054.867248535,20484.728564453126,12766.054867248535
101,20101043.325195312,12720649.042984009,20101.04332519531,12720.649042984009
102,19501450.13305664,12622998.912460327,19501.45013305664,12622.998912460327
103,19069802.774414062,12333511.2628479,19069.802774414064,12333.5112628479
104,19710441.43762207,12632190.417660952,19710.44143762207,12632.190417660951
105,19389985.013061523,12016336.298446655,19389.985013061523,12016.336298446655
106,19311244.43017578,11934823.186820984,19311.244430175782,11934.823186820984
107,20053496.5045166,12990287.528268099,20053.496504516603,12990.287528268098
108,19233715.294067383,12275266.276916504,19233.715294067384,12275.266276916504
109,19259081.674560547,12109176.635220766,19259.081674560548,12109.176635220767
110,19495551.84802246,12261057.98560834,19495.55184802246,12261.057985608339
111,19315801.381774902,12177169.527339935,19315.8013817749,12177.169527339935
112,19633331.66369629,12261770.129714966,19633.331663696288,12261.770129714965
113,19319522.845825195,12135285.656522036,19319.522845825195,12135.285656522035
114,20091293.569091797,12699193.03609848,20091.2935690918,12699.19303609848
115,19792232.31604004,12658185.721149445,19792.232316040037,12658.185721149444
116,20557160.64086914,13132632.11543274,20557.16064086914,13132.63211543274
117,19668876.5189209,12647049.85615158,19668.876518920897,12647.049856151581
118,19092349.147094727,12029758.765106201,19092.349147094727,12029.7587651062
119,18719655.030151367,11883498.38822937,18719.655030151367,11883.49838822937
120,20927798.67980957,13861263.828948975,20927.79867980957,13861.263828948975
121,18711034.10107422,11554318.717956543,18711.03410107422,11554.318717956543
122,18978776.813964844,11946425.821713686,18978.776813964843,11946.425821713687
123,20049419.350708008,12680525.85371399,20049.41935070801,12680.525853713989
124,18756124.69165039,11792364.290557861,18756.12469165039,11792.364290557862
125,19840887.1484375,12592488.984008789,19840.8871484375,12592.488984008789
126,20735488.46911621,13431756.531677246,20735.48846911621,13431.756531677245
127,19886918.075073242,12657855.118217468,19886.91807507324,12657.855118217469
128,18885714.482055664,11846025.697875977,18885.714482055664,11846.025697875977
129,19748644.69470215,12893997.452224731,19748.644694702147,12893.997452224732
130,19610860.330322266,12592525.210281372,19610.860330322266,12592.525210281372
131,19458446.063598633,12507527.187599182,19458.446063598632,12507.527187599182
132,18984724.819458008,11907381.944607973,18984.724819458006,11907.381944607972
133,19174412.62438965,11931321.013046265,19174.41262438965,11931.321013046265
134,19827273.608154297,12658746.967132568,19827.273608154297,12658.746967132569
135,19257256.751220703,12065200.02633667,19257.256751220702,12065.20002633667
136,19631375.850463867,12373494.628936768,19631.375850463868,12373.494628936767
137,19048989.82220459,11987934.230102539,19048.98982220459,11987.934230102539
138,19413379.54748535,12231220.58921814,19413.37954748535,12231.22058921814
139,19956216.05859375,12885490.604873657,19956.21605859375,12885.490604873658
140,18953431.500732422,11617256.301709414,18953.431500732422,11617.256301709414
141,19157089.03076172,12060744.121238708,19157.08903076172,12060.74412123871
142,18812387.514282227,11681889.505249023,18812.387514282225,11681.889505249024
143,19064946.030822754,12058360.753868103,19064.946030822754,12058.360753868103
144,19617116.677124023,12797741.925969362,19617.116677124024,12797.741925969362
145,19067360.294311523,12022617.192947388,19067.360294311522,12022.617192947388
146,20054802.603393555,12602548.30128479,20054.802603393553,12602.54830128479
147,20011161.292053223,12663063.235157013,20011.161292053224,12663.063235157013
148,18506642.019226074,11602787.942264557,18506.642019226074,11602.787942264556
149,19159346.908081055,12266160.983272552,19159.346908081054,12266.160983272552
150,18955053.64593506,12032237.969022036,18955.05364593506,12032.237969022035
151,19595424.25366211,12406119.245544434,19595.42425366211,12406.119245544434
152,19444968.998535156,12401698.87349701,19444.968998535158,12401.69887349701
153,19930542.470214844,12601192.130065918,19930.542470214845,12601.192130065918
154,19227365.76171875,12101673.1734581,19227.36576171875,12101.673173458099
155,20100581.73791504,12580307.26538086,20100.58173791504,12580.30726538086
156,19961412.736328125,12747145.527557373,19961.412736328126,12747.145527557373
157,18999183.356933594,11752561.381027222,18999.183356933594,11752.561381027223
158,20072165.939331055,12612777.534038544,20072.165939331055,12612.777534038543
159,18688749.814941406,11551929.544124603,18688.749814941406,11551.929544124603
160,19467246.880249023,12218219.812919617,19467.246880249022,12218.219812919617
161,19767688.376953125,12460305.63646698,19767.688376953123,12460.30563646698
162,20295997.10699463,13145453.703646183,20295.99710699463,13145.453703646182
163,19309826.228027344,12202910.985745668,19309.826228027345,12202.910985745668
164,20174006.645507812,12647278.846233368,20174.006645507812,12647.278846233368
165,19563345.232910156,12309547.911514282,19563.345232910156,12309.547911514283
166,19201871.946166992,11846491.569709778,19201.871946166993,11846.491569709779
167,19920745.767333984,12839005.874629974,19920.745767333985,12839.005874629975
168,19763662.52709961,12524436.111068726,19763.66252709961,12524.436111068726
169,19953951.68774414,12785334.524681091,19953.951687744142,12785.334524681091
170,18802220.87512207,11831389.345912933,18802.22087512207,11831.389345912934
171,19462978.385131836,12360769.498474121,19462.978385131835,12360.769498474121
172,18924888.8203125,11753700.389762878,18924.8888203125,11753.700389762878
173,18537252.27709961,11487585.984441042,18537.25227709961,11487.585984441042
174,19058827.357299805,11638346.311264038,19058.827357299804,11638.346311264038
175,19370404.56994629,12165610.682201385,19370.404569946288,12165.610682201386
176,19894520.397338867,12871809.44955182,19894.520397338867,12871.80944955182
177,19476767.029907227,12300276.209188938,19476.767029907227,12300.276209188938
178,18459566.10107422,11436371.979598999,18459.56610107422,11436.371979598998
179,20374802.741088867,13092189.189819336,20374.802741088868,13092.189189819335
180,19349847.72644043,12052939.625061035,19349.84772644043,12052.939625061035
181,19399925.32196045,12110051.76436615,19399.92532196045,12110.05176436615
182,19468571.471191406,12438784.506454468,19468.571471191408,12438.784506454467
183,19463992.472473145,12443360.925865173,19463.992472473146,12443.360925865174
184,19258127.64074707,12131968.066716433,19258.12764074707,12131.968066716432
185,20387964.8560791,13204428.67416501,20387.964856079103,13204.42867416501
186,19023396.76373291,12080528.201276064,19023.39676373291,12080.528201276064
187,19825192.825683594,12756036.799804688,19825.192825683593,12756.036799804688
188,18895091.74157715,12054730.789978027,18895.091741577147,12054.730789978028
189,19626768.271850586,12604231.889175415,19626.768271850586,12604.231889175415
190,19335419.32446289,12277102.433616638,19335.41932446289,12277.102433616637
191,19453104.00817871,12328783.138961792,19453.10400817871,12328.783138961791
192,19033520.19403076,11934091.565605164,19033.520194030763,11934.091565605164
193,19292225.64099121,12090638.051254272,19292.22564099121,12090.638051254273
194,19426288.5045166,12427911.721370697,19426.2885045166,12427.911721370698
195,18862404.39453125,12005491.21270752,18862.40439453125,12005.49121270752
196,18919045.10888672,12072058.463623047,18919.04510888672,12072.058463623047
197,18701616.287475586,11651301.516319275,18701.616287475586,11651.301516319274
198,18884598.068603516,11955795.797943115,18884.598068603515,11955.795797943116
199,19796958.505615234,12536969.127090454,19796.958505615235,12536.969127090455
200,19315364.92590332,12407198.97038269,19315.36492590332,12407.198970382691
201,20064794.586975098,12986200.536872864,20064.7945869751,12986.200536872864
202,19831386.65283203,12722141.410413027,19831.386652832032,12722.141410413027
203,19053905.642578125,12418479.21659851,19053.905642578124,12418.47921659851
204,19791345.305786133,12653711.149291992,19791.345305786133,12653.711149291992
205,18827431.225341797,11742027.611198425,18827.431225341796,11742.027611198426
206,19645608.905395508,12448205.324733734,19645.608905395507,12448.205324733734
207,19851195.649658203,12603238.031074524,19851.195649658202,12603.238031074525
208,20432020.17224121,12908542.330810547,20432.02017224121,12908.542330810547
209,19730980.123046875,12568771.419326782,19730.980123046877,12568.771419326782
210,19855856.135620117,12598919.897748232,19855.856135620117,12598.919897748232
211,19181925.858398438,11763578.252944946,19181.925858398437,11763.578252944946
212,19497171.77282715,12454831.547470093,19497.171772827147,12454.831547470092
213,19322205.463989258,12056533.854507446,19322.20546398926,12056.533854507446
214,19161010.126098633,11985380.862937927,19161.010126098634,11985.380862937927
215,19325447.9642334,11974776.204833984,19325.447964233397,11974.776204833985
216,19409215.289489746,12141601.402702332,19409.215289489744,12141.601402702332
217,19291499.365234375,12066378.33078003,19291.499365234376,12066.37833078003
218,19799759.602783203,12686919.590881348,19799.759602783204,12686.919590881347
219,19166043.70690918,11933882.981712341,19166.04370690918,11933.88298171234
220,19460027.415039062,12276876.153297424,19460.02741503906,12276.876153297424
221,19669844.8203125,12607810.448425293,19669.8448203125,12607.810448425293
222,19453984.56311035,12122274.846355438,19453.984563110353,12122.274846355438
223,18960272.1607666,12054685.61631012,18960.272160766603,12054.68561631012
224,19862160.197265625,12427576.763043642,19862.160197265624,12427.576763043642
225,19844367.84350586,12706305.67022705,19844.36784350586,12706.305670227051
226,19974026.29815674,12849592.652486086,19974.02629815674,12849.592652486086
227,19220831.11682129,12192942.017150879,19220.83111682129,12192.94201715088
228,19155762.196777344,11951792.621917725,19155.762196777345,11951.792621917724
229,18672096.024169922,11836926.96352768,18672.09602416992,11836.92696352768
230,19875320.471984863,12787891.567390442,19875.32047198486,12787.891567390441
231,19771439.46032715,12302095.67502594,19771.439460327147,12302.09567502594
232,19076382.004760742,12189140.85923767,19076.38200476074,12189.14085923767
233,19605560.102661133,12298784.325222015,19605.560102661133,12298.784325222015
234,19698338.377685547,12523866.766738892,19698.338377685548,12523.86676673889
235,19813622.862182617,12412990.911346436,19813.622862182616,12412.990911346436
236,18709903.133544922,11903639.150691986,18709.90313354492,11903.639150691986
237,19776905.25177002,12523279.202579498,19776.90525177002,12523.279202579499
238,20582686.651489258,13185635.65332532,20582.686651489257,13185.63565332532
239,19051752.264526367,11710888.982849121,19051.752264526367,11710.888982849121
240,19963780.123168945,12959073.852584839,19963.780123168945,12959.07385258484
241,19369168.39794922,12201932.801442385,19369.16839794922,12201.932801442385
242,19439476.135864258,12199291.183732271,19439.476135864257,12199.291183732272
243,19859469.02746582,12781906.395501375,19859.46902746582,12781.906395501375
244,19776745.052001953,12655995.750534058,19776.745052001952,12655.995750534057
245,19247812.165283203,12124527.6566391,19247.8121652832,12124.527656639098
246,19191242.19091797,12237668.763008118,19191.24219091797,12237.668763008118
247,18395915.413208008,11499441.99053955,18395.915413208008,11499.441990539552
248,19165018.30065918,12188942.65008545,19165.01830065918,12188.94265008545
249,19234556.02697754,12244747.718421936,19234.556026977538,12244.747718421935
250,19532817.338256836,12389223.315681458,19532.817338256835,12389.223315681458
251,19792470.964172363,12565829.410351992,19792.470964172364,12565.829410351991
252,19515185.92553711,12107550.288330078,19515.18592553711,12107.550288330078
253,20172152.353271484,13154918.549331665,20172.152353271485,13154.918549331665
254,18539088.069213867,11487881.437156677,18539.088069213867,11487.881437156677
255,18435362.959350586,11454766.495056152,18435.362959350587,11454.766495056152
256,19293529.772338867,12356272.91993332,19293.52977233887,12356.272919933319
257,18970698.264526367,11733964.654182434,18970.698264526367,11733.964654182435
258,18794919.341796875,11402031.895355225,18794.919341796875,11402.031895355225
259,19624965.52307129,12503257.447231293,19624.96552307129,12503.257447231294
260,19833523.43798828,13027770.530190706,19833.523437988282,13027.770530190706
261,19969317.299194336,13127993.608441591,19969.317299194336,13127.993608441591
262,20030558.7288208,12921650.788578033,20030.5587288208,12921.650788578034
263,19712976.145629883,12832448.91444397,19712.976145629884,12832.44891444397
264,19394106.946777344,12276635.93755722,19394.106946777345,12276.635937557221
265,20082202.00378418,12753671.796203613,20082.20200378418,12753.671796203613
266,19205241.008483887,11885503.157517672,19205.24100848389,11885.50315751767
267,19845711.427124023,12641482.182670593,19845.711427124024,12641.482182670594
268,19397986.720581055,12215694.057739258,19397.986720581055,12215.694057739258
269,19049420.720947266,12107234.000492096,19049.420720947266,12107.234000492095
270,18814266.50805664,11802210.64237976,18814.26650805664,11802.210642379761
271,19640711.96508789,12378011.04245758,19640.711965087892,12378.011042457581
272,19035622.310058594,11971487.91515851,19035.622310058592,11971.48791515851
273,19435974.368408203,12353025.598876953,19435.974368408202,12353.025598876953
274,19865659.459899902,12497758.128494263,19865.659459899904,12497.758128494263
275,19711074.680419922,12689015.910636902,19711.074680419923,12689.015910636901
276,20147137.26953125,12801414.999351501,20147.13726953125,12801.414999351502
277,19136108.47027588,12160801.06464386,19136.108470275878,12160.80106464386
278,18991150.835083008,11585143.286689758,18991.150835083008,11585.143286689758
279,19941919.368041992,12737117.484673738,19941.919368041992,12737.117484673738
280,19374262.04321289,11767846.205594301,19374.26204321289,11767.846205594302
281,19291761.367614746,12086410.399345398,19291.761367614745,12086.410399345397
282,19812141.92956543,12738951.74194336,19812.14192956543,12738.95174194336
283,19005815.362548828,11895379.202877045,19005.815362548827,11895.379202877044
284,18968526.00982666,11607189.138999939,18968.52600982666,11607.189138999938
285,19116328.219970703,12073699.992627382,19116.328219970703,12073.699992627382
286,20312284.950073242,13034495.967224121,20312.28495007324,13034.49596722412
287,19411066.553833008,12384157.984352112,19411.066553833007,12384.157984352112
288,18642836.146606445,11626935.365185976,18642.836146606445,11626.935365185976
289,18092679.778320312,10957339.543491364,18092.67977832031,10957.339543491364
290,18791221.899353027,11660134.564933777,18791.221899353026,11660.134564933776
291,18773601.532592773,11676090.051221132,18773.601532592773,11676.090051221132
292,19729948.010620117,12855549.309979677,19729.948010620115,12855.549309979677
293,19296935.438842773,11931048.60241437,19296.935438842775,11931.04860241437
294,20162585.50842285,13003504.679779053,20162.585508422853,13003.504679779053
295,19346664.467773438,12246278.306561708,19346.664467773437,12246.278306561708
296,18881924.89465332,11669552.71170044,18881.92489465332,11669.55271170044
297,19268426.93347168,12143357.354309082,19268.42693347168,12143.357354309082
298,18515611.172546387,11614411.068294525,18515.611172546385,11614.411068294525
299,20065135.600097656,12894622.504005432,20065.135600097656,12894.622504005432
300,19245969.369995117,11884890.795837402,19245.969369995117,11884.890795837402
301,19579873.426879883,12361306.709576845,19579.873426879883,12361.306709576846
302,18858731.135009766,11761388.794507265,18858.731135009766,11761.388794507266
303,18642961.302490234,11643196.196942568,18642.961302490236,11643.196196942568
304,19787936.024536133,12406263.271408081,19787.93602453613,12406.263271408081
305,19586649.69494629,12588252.561279297,19586.64969494629,12588.252561279296
306,20437357.936645508,13112918.152679443,20437.35793664551,13112.918152679444
307,19522659.6451416,12562003.015159607,19522.6596451416,12562.003015159607
308,18965810.377746582,11780565.069980621,18965.81037774658,11780.565069980621
309,19740036.17248535,12583058.531167269,19740.03617248535,12583.05853116727
310,18203400.475463867,11147553.926411867,18203.400475463866,11147.553926411867
311,19090643.474243164,12041500.838241577,19090.643474243163,12041.500838241576
312,19558546.1060791,12506775.601887941,19558.546106079102,12506.77560188794
313,19498436.939697266,12650760.184906006,19498.436939697265,12650.760184906007
314,20117919.508544922,13073659.028808594,20117.91950854492,13073.659028808594
315,19869296.5703125,12925816.319259644,19869.2965703125,12925.816319259644
316,18775625.247070312,11971864.083999634,18775.62524707031,11971.864083999633
317,20158342.55810547,13001148.020329714,20158.34255810547,13001.148020329714
318,19643823.067382812,12503583.913632631,19643.82306738281,12503.583913632632
319,19685026.6517334,12349665.926582336,19685.0266517334,12349.665926582336
320,20293567.4888916,13358095.057998657,20293.5674888916,13358.095057998657
321,18562170.194580078,11816314.149467468,18562.170194580078,11816.314149467467
322,18947988.970458984,12117728.51097107,18947.988970458984,12117.72851097107
323,18563865.313598633,11826609.515579224,18563.86531359863,11826.609515579225
324,20111673.4876709,12834403.89654541,20111.673487670898,12834.403896545411
325,19849564.813720703,12407520.429912567,19849.564813720703,12407.520429912567
326,20035921.23840332,12651726.24545288,20035.92123840332,12651.72624545288
327,19955069.009887695,12378024.131187439,19955.069009887695,12378.02413118744
328,19667552.555847168,12420288.970993042,19667.552555847167,12420.288970993042
329,19717387.88720703,12661895.080287933,19717.38788720703,12661.895080287934
330,19073383.08654785,12028884.022994995,19073.383086547852,12028.884022994995
331,20740906.75128174,13030164.537483215,20740.90675128174,13030.164537483215
332,19496257.58239746,12395268.35671997,19496.257582397462,12395.268356719971
333,20364215.545776367,12934914.179290771,20364.215545776366,12934.914179290772
334,19540647.935058594,12520758.54927063,19540.647935058594,12520.75854927063
335,18585672.434448242,11723638.355407715,18585.672434448243,11723.638355407715
336,19239758.84020996,12097903.300183535,19239.75884020996,12097.903300183534
337,18904439.95751953,11676096.154815674,18904.43995751953,11676.096154815674
338,19075180.298706055,11962228.345466614,19075.180298706055,11962.228345466614
339,19405249.60723877,12409286.935943604,19405.24960723877,12409.286935943603
340,20470786.885986328,13143516.882611513,20470.786885986327,13143.516882611513
341,19521711.4765625,12468096.811824799,19521.7114765625,12468.096811824798
342,19288401.369873047,12080603.870422363,19288.40136987305,12080.603870422363
343,19238790.844970703,12154073.909069061,19238.790844970703,12154.07390906906
344,19085180.999023438,12033479.633789062,19085.180999023436,12033.479633789062
345,18894249.6953125,11906541.587341309,18894.2496953125,11906.54158734131
346,18440009.66357422,11648120.305465698,18440.00966357422,11648.120305465698
347,19515901.784423828,12393159.061389923,19515.90178442383,12393.159061389922
348,19919414.29333496,12879386.173751831,19919.41429333496,12879.386173751831
349,19745847.570251465,12647466.079345703,19745.847570251466,12647.466079345702
350,18940779.272521973,11723806.604743958,18940.779272521973,11723.806604743957
351,19699909.354614258,12573118.95123291,19699.909354614258,12573.118951232911
352,20009109.70324707,12550270.392974854,20009.10970324707,12550.270392974853
353,19458620.86657715,12164632.687911987,19458.62086657715,12164.632687911988
354,19003793.860290527,11836389.801124573,19003.793860290527,11836.389801124573
355,20377782.9810791,13202402.587387085,20377.7829810791,13202.402587387085
356,19590423.224243164,12375575.298614502,19590.423224243164,12375.575298614502
357,19157719.837768555,12011607.001247406,19157.719837768556,12011.607001247407
358,19548076.37072754,12310459.149307251,19548.07637072754,12310.459149307251
359,18868371.7265625,11638549.244464874,18868.3717265625,11638.549244464873
360,19072250.569152832,12050494.269073486,19072.25056915283,12050.494269073486
361,20196194.028198242,13192390.319058657,20196.194028198242,13192.390319058657
362,18686454.952148438,11567742.178771973,18686.454952148437,11567.742178771972
363,19551365.170043945,12286222.92528534,19551.365170043944,12286.22292528534
364,19367585.513793945,12439506.835136414,19367.585513793947,12439.506835136413
365,20769237.377441406,13517236.038955688,20769.237377441405,13517.236038955689
366,18884210.869628906,11903487.267303467,18884.210869628907,11903.487267303466
367,19355816.333129883,12372253.91655469,19355.816333129882,12372.25391655469
368,19570207.892822266,12522232.585472107,19570.207892822265,12522.232585472108
369,19920554.162475586,12548826.108688354,19920.554162475586,12548.826108688354
370,19795446.060424805,12435099.422302246,19795.446060424805,12435.099422302246
371,19302194.338623047,12059030.804878235,19302.19433862305,12059.030804878235
372,20214645.818359375,12717127.541543245,20214.645818359375,12717.127541543245
373,19315535.459228516,11967379.98361206,19315.535459228515,11967.37998361206
374,19835365.290405273,12728940.248054504,19835.365290405272,12728.940248054505
375,18793439.729736328,11813825.04763794,18793.43972973633,11813.82504763794
376,19201032.697753906,12263092.370404482,19201.032697753908,12263.092370404482
377,19170890.815673828,12097778.234418154,19170.89081567383,12097.778234418154
378,19533518.06225586,12433159.337127686,19533.51806225586,12433.159337127685
379,20394726.492919922,13054593.441555023,20394.726492919923,13054.593441555024
380,20163766.075805664,12927231.200481415,20163.766075805663,12927.231200481414
381,20325169.887573242,12804544.625789642,20325.169887573244,12804.544625789642
382,20093087.6852417,12940245.690711975,20093.0876852417,12940.245690711976
383,19556890.8548584,12803629.646156311,19556.890854858397,12803.62964615631
384,19407494.780517578,12328981.069091797,19407.49478051758,12328.981069091797
385,19285335.951538086,12184303.49736023,19285.335951538087,12184.30349736023
386,19204389.28881836,12112116.62395978,19204.38928881836,12112.11662395978
387,19566064.168701172,12142292.64855957,19566.06416870117,12142.29264855957
388,18753907.256958008,11890098.840356112,18753.90725695801,11890.098840356111
389,18528951.920715332,11290246.227279663,18528.95192071533,11290.246227279664
390,20350323.10534668,13002376.954589844,20350.32310534668,13002.376954589843
391,18948235.77001953,11976912.134862185,18948.23577001953,11976.912134862185
392,19156735.32043457,11972574.961585999,19156.73532043457,11972.574961585999
393,19395269.64086914,12320556.616451263,19395.26964086914,12320.556616451264
394,19343527.44958496,12310687.858642578,19343.527449584963,12310.687858642577
395,19941624.677978516,12545675.785102844,19941.624677978514,12545.675785102845
396,19608067.747436523,12435405.572238922,19608.067747436522,12435.405572238922
397,18809540.1607666,11643109.493530273,18809.540160766603,11643.109493530274
398,18947898.942749023,12083008.180774689,18947.898942749023,12083.008180774688
399,20165727.862731934,13112519.257720947,20165.727862731932,13112.519257720947
400,19656488.102294922,12347660.810638428,19656.488102294923,12347.660810638428
401,19894758.15234375,12872488.224622011,19894.75815234375,12872.488224622011
402,18925251.05895996,11656717.272336245,18925.251058959962,11656.717272336244
403,20267181.760131836,13024119.659667969,20267.181760131836,13024.11965966797
404,19115393.56225586,11995565.608764648,19115.39356225586,11995.565608764648
405,19387511.294311523,12486171.308135986,19387.511294311524,12486.171308135987
406,20097607.266296387,12632083.816047668,20097.607266296385,12632.083816047669
407,19434483.809936523,12255484.901855469,19434.483809936522,12255.484901855469
408,20178803.5982666,12906046.143119812,20178.8035982666,12906.046143119813
409,20173870.123046875,13012249.484466553,20173.870123046876,13012.249484466553
410,19010048.928344727,11731222.810155153,19010.048928344728,11731.222810155154
411,20304572.802001953,12802022.824989319,20304.572802001952,12802.022824989319
412,19076896.060668945,11927490.411900759,19076.896060668947,11927.490411900759
413,20494748.239013672,13052490.282424927,20494.748239013672,13052.490282424927
414,19377330.92626953,12466370.839813232,19377.330926269533,12466.370839813233
415,18792546.463256836,11750985.740623474,18792.546463256836,11750.985740623473
416,19627069.494384766,12614074.909584045,19627.069494384767,12614.074909584046
417,20538401.439819336,13335221.704388857,20538.401439819336,13335.221704388858
418,19716103.11303711,12431974.232070923,19716.10311303711,12431.974232070923
419,19603306.618041992,12479954.256271362,19603.306618041992,12479.954256271363
420,19601053.090942383,12578297.57844162,19601.053090942383,12578.29757844162
421,18739752.662353516,11907497.169629335,18739.752662353516,11907.497169629336
422,19400820.829223633,12004419.77126813,19400.820829223634,12004.419771268129
423,19274048.30090332,12080361.03965497,19274.04830090332,12080.36103965497
424,19164066.229125977,12216245.397964478,19164.066229125976,12216.245397964478
425,19614888.44555664,12573219.976665497,19614.88844555664,12573.219976665498
426,19251902.787597656,12332563.619171143,19251.902787597657,12332.563619171142
427,19544500.427856445,12472655.548931122,19544.500427856445,12472.655548931121
428,18229345.118286133,11024250.566144228,18229.34511828613,11024.250566144228
429,19396241.346557617,12122899.601470947,19396.241346557617,12122.899601470946
430,19144767.173828125,11920085.871276855,19144.767173828124,11920.085871276855
431,20066703.43737793,12600581.65819931,20066.703437377928,12600.58165819931
432,20217848.822021484,13195852.464309692,20217.848822021486,13195.852464309692
433,18423349.916625977,11528364.503417969,18423.349916625975,11528.364503417968
434,18753780.69293213,11956776.665512085,18753.78069293213,11956.776665512085
435,19876335.2532959,12681976.005508423,19876.3352532959,12681.976005508423
436,19227301.620239258,12250633.540405273,19227.301620239257,12250.633540405273
437,18622086.46032715,11627537.322219849,18622.086460327148,11627.537322219849
438,19335109.238464355,12107120.730366945,19335.109238464356,12107.120730366945
439,19587555.655029297,12351718.821304321,19587.555655029297,12351.718821304321
440,20151546.03479004,12993029.55929184,20151.54603479004,12993.02955929184
441,20402901.162597656,13478782.87262845,20402.901162597656,13478.78287262845
442,19502839.026000977,12327749.837036133,19502.839026000976,12327.749837036134
443,20075028.649536133,12929497.202888489,20075.028649536132,12929.49720288849
444,19397729.14868164,12063027.869346619,19397.72914868164,12063.027869346619
445,19700506.59362793,12537644.107543945,19700.506593627928,12537.644107543945
446,19267240.844848633,12013020.916168213,19267.24084484863,12013.020916168212
447,19566171.235961914,12150469.833694458,19566.171235961912,12150.469833694458
448,18968680.86151123,11842741.42011261,18968.68086151123,11842.74142011261
449,19836228.89013672,12584908.546173096,19836.228890136717,12584.908546173096
450,19407065.79949951,12048103.17742157,19407.065799499513,12048.10317742157
451,19240316.630615234,12253845.437595367,19240.316630615234,12253.845437595368
452,19761802.330200195,12437795.049995422,19761.802330200197,12437.795049995422
453,20445361.9888916,13190657.056648254,20445.3619888916,13190.657056648255
454,18330732.743286133,11641270.367329836,18330.73274328613,11641.270367329837
455,19889845.141723633,12802705.553714752,19889.845141723632,12802.705553714752
456,19455424.79119873,12628313.700280428,19455.42479119873,12628.313700280429
457,19754852.685058594,12571799.268203735,19754.852685058595,12571.799268203735
458,19520724.067749023,12489420.686157227,19520.724067749023,12489.420686157227
459,19340893.099487305,12215212.327789307,19340.893099487304,12215.212327789306
460,20209694.017333984,12880628.5783844,20209.694017333983,12880.6285783844
461,20210758.008117676,13062040.556678772,20210.758008117675,13062.040556678772
462,20538155.373779297,13265116.146240234,20538.155373779296,13265.116146240234
463,19838942.2779541,12563292.87241745,19838.942277954102,12563.29287241745
464,19331601.37561035,12072848.842617035,19331.601375610353,12072.848842617035
465,18961284.21057129,11781876.497245789,18961.284210571288,11781.876497245788
466,19463754.731445312,12295228.585342407,19463.75473144531,12295.228585342407
467,19547324.944335938,12540901.946414948,19547.32494433594,12540.901946414948
468,18553328.713989258,11089143.927211761,18553.328713989256,11089.143927211762
469,18596899.03643799,11581035.205001831,18596.89903643799,11581.035205001832
470,19816425.524291992,12299293.16000104,19816.425524291993,12299.29316000104
471,19672425.709594727,12568647.62701416,19672.425709594725,12568.64762701416
472,18822143.66040039,11554233.773507357,18822.14366040039,11554.233773507356
473,19358808.063354492,12288503.79360199,19358.808063354492,12288.503793601989
474,19377988.03552246,12207739.60606122,19377.98803552246,12207.739606061221
475,20060443.26940918,12758283.485023499,20060.44326940918,12758.283485023498
476,19731584.899902344,12729516.824890137,19731.584899902344,12729.516824890137
477,19911122.086914062,12597672.69355011,19911.122086914063,12597.67269355011
478,19375498.994262695,12336509.532745361,19375.498994262696,12336.509532745362
479,18601579.21887207,11489837.780334473,18601.57921887207,11489.837780334472
480,19379613.661376953,12289899.876580477,19379.613661376952,12289.899876580477
481,19346719.449951172,12024641.075210571,19346.71944995117,12024.641075210571
482,19802176.92919922,12585060.746429443,19802.17692919922,12585.060746429443
483,20102445.06604004,12882030.32883954,20102.44506604004,12882.03032883954
484,19439465.953979492,12329693.712615967,19439.465953979492,12329.693712615966
485,19325425.95251465,11916773.254277468,19325.425952514648,11916.773254277468
486,20052992.009033203,12895387.346448183,20052.9920090332,12895.387346448184
487,19659741.29333496,12725303.109664917,19659.741293334962,12725.303109664917
488,19617982.96734619,12512051.901741028,19617.98296734619,12512.051901741028
489,19001401.579956055,11928587.8308537,19001.401579956055,11928.587830853701
490,19608779.583862305,12501731.426208496,19608.779583862306,12501.731426208496
491,18659329.051574707,11459294.386390686,18659.329051574707,11459.294386390686
492,19272951.220458984,11974911.602172852,19272.951220458985,11974.911602172851
493,18420341.483276367,11578975.476776123,18420.341483276366,11578.975476776122
494,19232267.86279297,12053447.296310425,19232.267862792967,12053.447296310425
495,19278618.907470703,12216673.34274292,19278.618907470704,12216.67334274292
496,19647467.920776367,12123344.849744081,19647.467920776366,12123.344849744082
497,19907106.624023438,12857716.79071045,19907.106624023436,12857.716790710449
498,19029698.697998047,12130152.856658936,19029.698697998047,12130.152856658935
499,19153981.049926758,12168530.389781952,19153.98104992676,12168.530389781952
500,18857931.314331055,11773675.525543213,18857.931314331054,11773.675525543213
501,19904416.841186523,12448593.381034851,19904.416841186525,12448.59338103485
502,18717116.17907715,11372323.208523989,18717.116179077148,11372.323208523989
503,19445093.075561523,12219213.558842897,19445.093075561523,12219.213558842897
504,19440875.719970703,12455194.583213806,19440.875719970703,12455.194583213806
505,19253519.865600586,11794778.299446106,19253.519865600585,11794.778299446107
506,19814777.19470215,12524523.961055756,19814.77719470215,12524.523961055756
507,20333049.772583008,12976013.284412384,20333.049772583006,12976.013284412384
508,20370085.03100586,12971015.24892807,20370.08503100586,12971.01524892807
509,19244538.50732422,12033701.94606781,19244.538507324218,12033.70194606781
510,20413621.401367188,13054166.865814209,20413.62140136719,13054.16686581421
511,19215917.501586914,12066633.6696167,19215.917501586915,12066.6336696167
512,19885056.368408203,12595706.35899353,19885.056368408204,12595.70635899353
513,20241808.151245117,12937503.493347168,20241.808151245117,12937.503493347169
514,19891626.996948242,12421850.944606781,19891.626996948242,12421.85094460678
515,19612756.261535645,12716076.607879639,19612.756261535644,12716.076607879639
516,19598755.986694336,12554906.586215973,19598.755986694337,12554.906586215973
517,19651812.460754395,12481314.26685071,19651.812460754394,12481.31426685071
518,19575943.39831543,12644700.14302063,19575.94339831543,12644.70014302063
519,19278903.94494629,12474919.898712158,19278.90394494629,12474.919898712158
520,18531121.32373047,11740349.45111084,18531.12132373047,11740.34945111084
521,18370020.95965576,11567747.864250183,18370.02095965576,11567.747864250183
522,18979071.823120117,11749429.098332644,18979.071823120117,11749.429098332643
523,19498935.639892578,12663375.82069397,19498.935639892577,12663.37582069397
524,19636911.802612305,12451088.931744814,19636.911802612303,12451.088931744815
525,18995667.82373047,12189863.978298187,18995.66782373047,12189.863978298188
526,19061511.28076172,11843786.333953857,19061.51128076172,11843.786333953858
527,19929712.819213867,12859679.621109009,19929.712819213866,12859.67962110901
528,18644529.229614258,11625972.016204834,18644.529229614258,11625.972016204834
529,19437979.06439209,12455052.71800232,19437.97906439209,12455.05271800232
530,18822086.227416992,12093267.059265137,18822.086227416992,12093.267059265138
531,19483522.362182617,12216458.659398317,19483.52236218262,12216.458659398317
532,18387299.794555664,11390635.608383179,18387.299794555664,11390.635608383178
533,19373383.018676758,12395574.645352602,19373.38301867676,12395.574645352603
534,18506409.77319336,11323539.69556427,18506.409773193358,11323.53969556427
535,19113728.335205078,12277062.34109497,19113.72833520508,12277.06234109497
536,19873585.70324707,12729909.168361664,19873.58570324707,12729.909168361664
537,19112311.41821289,12028162.686477661,19112.311418212892,12028.16268647766
538,19082624.348999023,12101639.466918945,19082.624348999023,12101.639466918945
539,20248013.979614258,13107914.969696045,20248.013979614258,13107.914969696045
540,20272727.0982666,12984100.719192505,20272.7270982666,12984.100719192505
541,20198683.19885254,12786782.053349733,20198.683198852537,12786.782053349732
542,20034027.915893555,12731457.182216644,20034.027915893555,12731.457182216644
543,18887765.809936523,11550317.407928467,18887.76580993652,11550.317407928467
544,18915434.39099121,12105810.25479126,18915.43439099121,12105.81025479126
545,19544385.258544922,12104389.091472626,19544.38525854492,12104.389091472625
546,18455679.961242676,11496651.585235596,18455.679961242677,11496.651585235595
547,19170832.48034668,11974153.15248108,19170.83248034668,11974.15315248108
548,19548098.532592773,12442898.631408691,19548.098532592772,12442.89863140869
549,18808161.588500977,11817824.43645978,18808.161588500978,11817.82443645978
550,20044220.388305664,12783733.17612958,20044.220388305665,12783.733176129579
551,18592588.019592285,11280664.11333847,18592.588019592284,11280.664113338471
552,19608054.52294922,12492166.902484894,19608.05452294922,12492.166902484894
553,19721821.275634766,12751414.292671204,19721.821275634764,12751.414292671203
554,19677096.630004883,12328563.868679047,19677.096630004882,12328.563868679046
555,18609093.613220215,11443624.706729889,18609.093613220215,11443.624706729888
556,19482474.010742188,12145432.751693726,19482.474010742186,12145.432751693726
557,18794479.376708984,11605975.102111816,18794.479376708983,11605.975102111817
558,19397028.414916992,12216275.087303162,19397.028414916993,12216.275087303162
559,19678394.85168457,12577556.247924805,19678.39485168457,12577.556247924806
560,20017633.034301758,12628286.628189087,20017.633034301758,12628.286628189087
561,19517351.134521484,12049888.405059814,19517.351134521483,12049.888405059815
562,19882068.923217773,12812297.003570557,19882.068923217772,12812.297003570557
563,19872698.122192383,12733484.020263672,19872.69812219238,12733.484020263671
564,20498175.78076172,13035836.27067566,20498.175780761718,13035.83627067566
565,19534135.853149414,12377976.083702087,19534.135853149415,12377.976083702088
566,19793652.988586426,12595975.650993347,19793.652988586426,12595.975650993347
567,19391901.600097656,12302402.377471924,19391.901600097655,12302.402377471924
568,20053299.885009766,12769140.323379517,20053.299885009765,12769.140323379517
569,19095651.413085938,11882005.848098755,19095.651413085936,11882.005848098755
570,18966152.019104004,11853878.197029114,18966.152019104004,11853.878197029113
571,20497711.684814453,12836164.281827211,20497.711684814454,12836.164281827212
572,20387712.442626953,13093004.580395937,20387.712442626955,13093.004580395937
573,20200568.861938477,13105914.959838867,20200.56886193848,13105.914959838867
574,19213378.333007812,11944437.895778656,19213.37833300781,11944.437895778656
575,19205346.207214355,12257801.03224945,19205.346207214356,12257.80103224945
576,20011196.296142578,12525989.062451601,20011.196296142578,12525.989062451601
577,20050618.91003418,12742091.443252563,20050.61891003418,12742.091443252564
578,20322912.459472656,12944887.084907532,20322.912459472656,12944.887084907532
579,20161938.98864746,12838356.064796448,20161.93898864746,12838.356064796448
580,18826918.141601562,11984061.665367126,18826.918141601564,11984.061665367126
581,19644613.891723633,12430820.84748578,19644.61389172363,12430.82084748578
582,20384233.36328125,13192516.211380005,20384.23336328125,13192.516211380005
583,19193656.118041992,12111044.161392212,19193.656118041992,12111.044161392212
584,19242417.432495117,12070106.873413086,19242.417432495116,12070.106873413086
585,19978087.410705566,12551794.074619293,19978.087410705568,12551.794074619293
586,19961364.537841797,13024922.553563356,19961.364537841797,13024.922553563356
587,18582784.813659668,11513068.292488098,18582.78481365967,11513.068292488098
588,18423268.048339844,11268181.352600098,18423.268048339844,11268.181352600097
589,19789567.076782227,12790771.79271698,19789.567076782227,12790.77179271698
590,19553457.58642578,12430795.208953857,19553.457586425782,12430.795208953858
591,20261348.095214844,13011960.367305756,20261.348095214842,13011.960367305755
592,18918898.270874023,12114931.8358078,18918.898270874022,12114.9318358078
593,20675098.654052734,13696045.756500244,20675.098654052734,13696.045756500243
594,19762146.697631836,12490968.935714722,19762.146697631837,12490.968935714722
595,19670541.51763916,12959385.345199585,19670.54151763916,12959.385345199586
596,18890674.734924316,11557662.451461792,18890.674734924316,11557.662451461792
597,19435519.194213867,12394599.860107422,19435.519194213866,12394.599860107423
598,19330388.927612305,12190707.937526703,19330.388927612305,12190.707937526702
599,18944828.595703125,11725085.108703613,18944.828595703126,11725.085108703614
600,19269019.655151367,12270611.257354736,19269.019655151365,12270.611257354736
601,19272381.243041992,11724998.124783754,19272.381243041993,11724.998124783755
602,18214517.468017578,11365887.492237091,18214.517468017577,11365.88749223709
603,19505233.383544922,12489539.833039522,19505.23338354492,12489.539833039522
604,19854528.16156006,12554803.76732111,19854.528161560058,12554.80376732111
605,19136828.198242188,12153336.756958008,19136.828198242187,12153.336756958008
606,19292493.4475708,12091127.367347717,19292.4934475708,12091.127367347717
607,20126277.921142578,12939291.96439743,20126.277921142577,12939.291964397431
608,19915220.386047363,12544338.287953615,19915.220386047364,12544.338287953615
609,18786923.466308594,11883490.446914673,18786.923466308595,11883.490446914673
610,19908124.990600586,12269729.255371094,19908.124990600587,12269.729255371094
611,18791516.53479004,11601336.609181643,18791.51653479004,11601.336609181642
612,19374233.255493164,11878590.079597473,19374.233255493164,11878.590079597474
613,19873668.91784668,12709885.045066833,19873.66891784668,12709.885045066834
614,20216094.899291992,12871497.06262207,20216.09489929199,12871.497062622071
615,20106340.23461914,12784559.20401764,20106.34023461914,12784.55920401764
616,19135034.770080566,11585044.59141922,19135.034770080565,11585.04459141922
617,18832706.18786621,11914744.367752075,18832.70618786621,11914.744367752075
618,18961814.350097656,11962158.074798584,18961.814350097655,11962.158074798584
619,19623850.965942383,12432282.190734863,19623.850965942383,12432.282190734863
620,19122249.024902344,11999273.290153503,19122.249024902343,11999.273290153504
621,19323145.03515625,11948072.162231445,19323.14503515625,11948.072162231445
622,18718969.41381836,11669274.133270264,18718.96941381836,11669.274133270264
623,19131130.847473145,12003275.95129776,19131.130847473145,12003.275951297761
624,19763988.204101562,12649751.511779785,19763.988204101563,12649.751511779785
625,18748692.658935547,11605615.744132996,18748.692658935546,11605.615744132996
626,19270248.097106934,12060573.256168365,19270.248097106934,12060.573256168365
627,19329997.568847656,12159254.697987795,19329.997568847655,12159.254697987795
628,18889721.83380127,11605463.720497131,18889.721833801268,11605.463720497131
629,19618639.286499023,12479510.798339844,19618.639286499023,12479.510798339843
630,19261706.333862305,11983591.161987305,19261.706333862305,11983.591161987304
631,19803079.690979004,12442897.265767336,19803.079690979004,12442.897265767337
632,19647345.594604492,12664658.23664856,19647.345594604492,12664.65823664856
633,18926733.252441406,11788579.857391357,18926.733252441405,11788.579857391358
634,19100501.2388916,11965279.804321289,19100.5012388916,11965.27980432129
635,18867400.584106445,11856189.362052917,18867.400584106446,11856.189362052917
636,19036815.82373047,11866335.879544497,19036.815823730467,11866.335879544496
637,19506552.982788086,12124000.85049057,19506.552982788086,12124.00085049057
638,19109674.70654297,11852247.73814392,19109.67470654297,11852.24773814392
639,20463195.7611084,13281466.25378418,20463.1957611084,13281.46625378418
640,19511397.66760254,12120927.752532959,19511.397667602538,12120.92775253296
641,19288632.127685547,12115719.555374146,19288.632127685545,12115.719555374146
642,19576099.142822266,12570504.435643435,19576.099142822266,12570.504435643434
643,20326681.123046875,13167953.99281311,20326.681123046874,13167.95399281311
644,19726704.43359375,12380829.393035889,19726.70443359375,12380.829393035889
645,20793573.303100586,13426478.922276735,20793.573303100588,13426.478922276736
646,19349075.388671875,11925358.02653122,19349.075388671874,11925.35802653122
647,20299309.653076172,12927941.917861938,20299.309653076172,12927.94191786194
648,19634976.20288086,12374630.355674744,19634.97620288086,12374.630355674744
649,20356247.59399414,13322027.89933014,20356.24759399414,13322.02789933014
650,19071864.793701172,12204135.869934082,19071.86479370117,12204.135869934082
651,19063321.577026367,11976586.46420288,19063.321577026367,11976.586464202881
652,19588182.247924805,12263986.003540039,19588.182247924804,12263.98600354004
653,19601819.336120605,12411996.242729187,19601.819336120607,12411.996242729187
654,18412246.307250977,11262262.30947876,18412.246307250978,11262.26230947876
655,20115792.442504883,13149901.919265747,20115.792442504884,13149.901919265747
656,19604040.430908203,12173027.75869751,19604.040430908204,12173.02775869751
657,19865662.497314453,12674810.037330627,19865.662497314454,12674.810037330628
658,18654120.428222656,11681247.367645264,18654.120428222657,11681.247367645263
659,19305060.04675293,12299248.375840425,19305.06004675293,12299.248375840425
660,19864947.020751953,12752043.42885971,19864.94702075195,12752.04342885971
661,19653186.397338867,12702116.166442871,19653.186397338868,12702.116166442871
662,19595449.459594727,12507604.107131958,19595.449459594725,12507.604107131958
663,18919367.18408203,12002871.8667984,18919.36718408203,12002.871866798401
664,18175321.902282715,11119821.125099182,18175.321902282714,11119.821125099183
665,19304386.31665039,12314689.63696289,19304.38631665039,12314.68963696289
666,19277323.863830566,12328195.530143738,19277.323863830567,12328.195530143737
667,19001054.79071045,11840332.557289124,19001.05479071045,11840.332557289123
668,18852728.20275879,11762207.13218689,18852.72820275879,11762.20713218689
669,19292999.275512695,12342434.697937012,19292.999275512695,12342.434697937011
670,19044674.251037598,11906049.544136047,19044.6742510376,11906.049544136047
671,18535689.827270508,11465202.779907227,18535.689827270508,11465.202779907226
672,19854086.026367188,12449103.101875305,19854.086026367186,12449.103101875306
673,20219510.137451172,13065506.535369873,20219.510137451172,13065.506535369874
674,19636071.318847656,12357087.589172363,19636.071318847655,12357.087589172363
675,19022648.033447266,11874623.698410034,19022.648033447265,11874.623698410034
676,19011662.475097656,12065294.89389038,19011.662475097655,12065.294893890381
677,18808618.11291504,11837000.38822937,18808.61811291504,11837.00038822937
678,19610835.396362305,12290346.43548584,19610.835396362305,12290.34643548584
679,19918944.224609375,12463348.324951172,19918.944224609375,12463.348324951172
680,20221071.00048828,12931354.261871338,20221.071000488282,12931.354261871338
681,19677882.19470215,12461646.575424194,19677.88219470215,12461.646575424194
682,19126284.04260254,11867329.159680605,19126.28404260254,11867.329159680605
683,18654215.123901367,11396231.234992981,18654.215123901366,11396.231234992982
684,19104388.231445312,11931064.685783386,19104.38823144531,11931.064685783385
685,19612462.655151367,12513468.86593628,19612.46265515137,12513.46886593628
686,18791758.458618164,11887890.383872986,18791.758458618166,11887.890383872986
687,19243885.481445312,12149191.623954773,19243.88548144531,12149.191623954774
688,19910310.848754883,12643428.555213928,19910.31084875488,12643.428555213928
689,19280608.381958008,12222784.407287598,19280.60838195801,12222.784407287598
690,18599195.575927734,11562665.422836304,18599.195575927733,11562.665422836304
691,19559086.661499023,12450587.551177979,19559.086661499023,12450.587551177978
692,19526581.357666016,12316893.018966675,19526.581357666015,12316.893018966675
693,19459780.58013916,12090099.928028107,19459.78058013916,12090.099928028107
694,19975049.75415039,12547801.893249512,19975.04975415039,12547.801893249512
695,19665178.146240234,12176102.993526459,19665.178146240236,12176.10299352646
696,19983869.738342285,12561298.69380951,19983.869738342284,12561.29869380951
697,19285949.615722656,11968980.950393677,19285.949615722657,11968.980950393678
698,19774708.12866211,12535252.957107544,19774.70812866211,12535.252957107545
699,19736504.47998047,12850202.957481384,19736.504479980467,12850.202957481384
700,19873355.6829834,12584164.379470825,19873.355682983398,12584.164379470825
701,19535032.52746582,12355073.596317291,19535.03252746582,12355.073596317292
702,18738547.666259766,11816292.838985443,18738.547666259765,11816.292838985442
703,19074196.837646484,11944845.25614667,19074.196837646483,11944.84525614667
704,20410143.77685547,13103819.923591614,20410.143776855468,13103.819923591614
705,18669639.69470215,11629934.009106874,18669.63969470215,11629.934009106875
706,19012392.265075684,12073277.045224428,19012.392265075683,12073.277045224428
707,19658391.524108887,12459942.636634827,19658.391524108887,12459.942636634827
708,19379791.494506836,12213970.922635317,19379.791494506837,12213.970922635317
709,19774751.17126465,12698227.143745422,19774.75117126465,12698.227143745422
710,18972468.770874023,11754101.24691391,18972.468770874024,11754.10124691391
711,19000301.108520508,11814111.057357788,19000.301108520507,11814.111057357788
712,20250460.295410156,13022292.22566986,20250.460295410157,13022.29222566986
713,19640612.973510742,12790140.284873962,19640.612973510742,12790.140284873962
714,20097366.340576172,12831738.496398926,20097.366340576173,12831.738496398926
715,19787937.867858887,12615102.845127106,19787.937867858887,12615.102845127105
716,19243061.282958984,11932530.269180298,19243.061282958985,11932.530269180297
717,19447784.193481445,12236454.9586792,19447.784193481446,12236.4549586792
718,19307054.59814453,12334792.834655762,19307.054598144532,12334.792834655762
719,19337209.649658203,11896336.408203125,19337.2096496582,11896.336408203126
720,19346528.772705078,12286097.519856691,19346.528772705078,12286.097519856692
721,19465838.227416992,12271168.511123657,19465.838227416993,12271.168511123657
722,20032810.990234375,12813516.201244354,20032.810990234375,12813.516201244354
723,19404256.31048584,11979955.708747864,19404.25631048584,11979.955708747864
724,19185262.701293945,12091664.773968935,19185.262701293945,12091.664773968934
725,19781608.89416504,12491128.66998291,19781.608894165038,12491.12866998291
726,20160083.09399414,12775208.814076662,20160.08309399414,12775.208814076663
727,19023958.50213623,12129780.07837677,19023.95850213623,12129.78007837677
728,19784059.844848633,12617266.176490784,19784.059844848634,12617.266176490784
729,20058967.11303711,12916102.13293457,20058.96711303711,12916.10213293457
730,19503697.844848633,12331470.340667725,19503.697844848633,12331.470340667725
731,20225966.42138672,12772042.407284975,20225.966421386718,12772.042407284975
732,20772435.514160156,13468796.217071533,20772.435514160155,13468.796217071533
733,19458368.081115723,11932825.703662872,19458.36808111572,11932.825703662873
734,20876315.989746094,13360198.801940918,20876.315989746094,13360.198801940918
735,19512766.604614258,12357259.666152954,19512.76660461426,12357.259666152953
736,19463303.452026367,12365743.36907959,19463.303452026368,12365.74336907959
737,20745595.384521484,13117583.715389252,20745.595384521483,13117.583715389252
738,19390353.730041504,12217652.529792786,19390.353730041505,12217.652529792786
739,18819837.822509766,11380747.73147583,18819.837822509766,11380.74773147583
740,19821961.184570312,12477698.772636414,19821.96118457031,12477.698772636413
741,20452926.30718994,13169966.264778137,20452.92630718994,13169.966264778137
742,19671531.14416504,12461109.036786318,19671.531144165037,12461.109036786318
743,19344275.95574951,12465474.754459381,19344.275955749512,12465.474754459381
744,19479403.896728516,12533072.609344482,19479.403896728516,12533.072609344483
745,18727407.643676758,11985098.946731567,18727.407643676757,11985.098946731567
746,19699509.107543945,12457003.26871109,19699.509107543945,12457.00326871109
747,19665582.16241455,12639569.548820496,19665.58216241455,12639.569548820496
748,19341269.138793945,12153096.749158144,19341.269138793945,12153.096749158143
749,19374791.875732422,12238597.010742188,19374.791875732422,12238.597010742187
750,18927879.267456055,11896229.93359375,18927.879267456054,11896.22993359375
751,19597763.260864258,12102629.747737885,19597.763260864256,12102.629747737885
752,19478517.613952637,12295791.436882019,19478.517613952637,12295.791436882018
753,19019672.568359375,11769480.401885986,19019.672568359376,11769.480401885987
754,20229672.936645508,13130878.007965088,20229.672936645507,13130.878007965088
755,19773497.041259766,12783195.971664429,19773.497041259765,12783.195971664429
756,19612463.473388672,12537823.710731506,19612.46347338867,12537.823710731507
757,19161024.724609375,12230111.041440248,19161.024724609375,12230.111041440248
758,19611460.52996826,12384709.098182678,19611.460529968263,12384.709098182679
759,19446523.397338867,12080359.297332764,19446.523397338868,12080.359297332763
760,19255447.747192383,11742735.865142822,19255.447747192382,11742.735865142822
761,19531706.154663086,12397005.773059845,19531.706154663087,12397.005773059846
762,20110168.038146973,12716808.725013733,20110.168038146974,12716.808725013732
763,19952754.119628906,12683787.83297348,19952.754119628906,12683.78783297348
764,19225999.049194336,12014091.712875366,19225.999049194335,12014.091712875366
765,19647930.901794434,12416222.310905457,19647.930901794432,12416.222310905456
766,19606410.615234375,12443254.068817139,19606.410615234374,12443.25406881714
767,19312083.278320312,12194126.417007446,19312.08327832031,12194.126417007446
768,19801575.259765625,12513058.504898071,19801.575259765625,12513.058504898072
769,19929359.072021484,12742486.038574219,19929.359072021485,12742.48603857422
770,18958620.580078125,11687065.487373352,18958.620580078124,11687.065487373353
771,20163016.49621582,13177791.574203491,20163.01649621582,13177.791574203491
772,19553907.432373047,12360157.068847656,19553.907432373046,12360.157068847657
773,18433275.575805664,11415204.186058044,18433.275575805663,11415.204186058045
774,20703772.330444336,13347633.480613708,20703.772330444335,13347.63348061371
775,19881854.986083984,12924469.056331635,19881.854986083985,12924.469056331634
776,18149334.40979004,11085809.913482666,18149.33440979004,11085.809913482666
777,20197422.009033203,13069044.44506836,20197.422009033202,13069.044445068359
778,20659539.7243042,13438535.329994202,20659.5397243042,13438.535329994202
779,18816667.76385498,11739155.656684875,18816.66776385498,11739.155656684876
780,18844524.54248047,11741734.491817474,18844.524542480467,11741.734491817475
781,20129524.072021484,12695851.87866211,20129.524072021486,12695.85187866211
782,20031311.596923828,12777818.686378479,20031.311596923828,12777.81868637848
783,19109408.24597168,11713059.831368685,19109.40824597168,11713.059831368684
784,18875757.841674805,11659089.13369751,18875.757841674804,11659.08913369751
785,18884427.00378418,11565408.478477478,18884.427003784178,11565.408478477479
786,19485149.475219727,12476576.715148926,19485.149475219725,12476.576715148925
787,19649085.115844727,12330446.744637728,19649.085115844726,12330.446744637728
788,19905812.569213867,12616488.041286469,19905.812569213867,12616.488041286468
789,19752646.83581543,12275484.01725769,19752.64683581543,12275.48401725769
790,19671642.18774414,12459892.871154785,19671.64218774414,12459.892871154785
791,18911164.474853516,11926659.507123232,18911.164474853515,11926.659507123231
792,19462112.743652344,12272341.932807922,19462.112743652342,12272.341932807922
793,19375343.877319336,12429330.459171295,19375.343877319337,12429.330459171295
794,20716305.2109375,13539461.133262634,20716.3052109375,13539.461133262634
795,20088960.658813477,13023885.60585022,20088.960658813477,13023.88560585022
796,18744953.221923828,11569690.225738525,18744.953221923828,11569.690225738525
797,19765934.118164062,12276152.864578247,19765.934118164063,12276.152864578247
798,20224040.806518555,12824970.486450195,20224.040806518555,12824.970486450195
799,20047929.099365234,12866283.519317627,20047.929099365236,12866.283519317627
800,18950600.989501953,11753801.81175232,18950.600989501952,11753.801811752319
801,19287841.736206055,12286852.66607666,19287.841736206054,12286.85266607666
802,19372473.370117188,12409732.176452637,19372.473370117186,12409.732176452637
803,19423082.43701172,12306007.20356369,19423.08243701172,12306.00720356369
804,19805840.115112305,12359901.011367798,19805.840115112303,12359.901011367798
805,19671503.355895996,12585069.211257935,19671.503355895995,12585.069211257935
806,19473506.89489746,12520538.728866577,19473.506894897462,12520.538728866577
807,20385134.146118164,13065311.48312378,20385.134146118166,13065.31148312378
808,20015688.498901367,13059450.979362488,20015.688498901367,13059.450979362487
809,18912069.704589844,11585152.480499268,18912.069704589845,11585.152480499268
810,19545095.638183594,12359246.922653198,19545.095638183593,12359.246922653198
811,20151770.295654297,12967308.11707306,20151.770295654296,12967.308117073058
812,19345947.158691406,12241658.739209414,19345.947158691408,12241.658739209413
813,18729405.066589355,11477840.226127625,18729.405066589356,11477.840226127624
814,19893232.338745117,12463186.526191711,19893.232338745118,12463.186526191712
815,19979214.107421875,12660174.895050049,19979.214107421874,12660.17489505005
816,19617719.3046875,12502922.983413696,19617.7193046875,12502.922983413697
817,19319326.862976074,12376135.199905396,19319.326862976075,12376.135199905395
818,18693745.996520996,11828600.644874573,18693.745996520996,11828.600644874572
819,18569524.54260254,11591036.885723114,18569.52454260254,11591.036885723113
820,19702865.26690674,12557937.309242249,19702.865266906738,12557.937309242248
821,19935740.40460205,12391105.901723146,19935.74040460205,12391.105901723147
822,20483463.940673828,13341531.380706787,20483.463940673828,13341.531380706787
823,19353199.568359375,12146556.93946457,19353.199568359374,12146.55693946457
824,19309616.290771484,12147795.955032349,19309.616290771486,12147.795955032349
825,19180906.591918945,11991223.10505414,19180.906591918945,11991.22310505414
826,19885262.118408203,12788382.288238525,19885.2621184082,12788.382288238525
827,18892011.689453125,11918956.840802431,18892.011689453124,11918.956840802432
828,19035372.37939453,11868572.650756836,19035.372379394532,11868.572650756836
829,19474014.24279785,12200578.020046234,19474.01424279785,12200.578020046234
830,19481715.201904297,12455486.761501312,19481.715201904295,12455.486761501312
831,19514855.97467041,12351592.151435852,19514.85597467041,12351.592151435852
832,18783617.8984375,11649828.947479248,18783.6178984375,11649.828947479247
833,19934873.469970703,12569787.307248354,19934.873469970702,12569.787307248354
834,19083611.188415527,11848202.115898132,19083.61118841553,11848.202115898132
835,19738602.493530273,12558322.170700073,19738.602493530274,12558.322170700074
836,19648102.380126953,12391285.122451782,19648.102380126955,12391.285122451782
837,19877723.805908203,12684012.27743268,19877.723805908205,12684.012277432681
838,19434445.07562256,12124158.971961975,19434.44507562256,12124.158971961975
839,19484906.344482422,12131912.219680786,19484.90634448242,12131.912219680786
840,19546382.98803711,12362469.634464264,19546.38298803711,12362.469634464263
841,20143450.840698242,13127191.532585144,20143.450840698242,13127.191532585144
842,18838137.297607422,11714717.397666931,18838.137297607424,11714.717397666931
843,19819214.490966797,12729715.794540405,19819.2144909668,12729.715794540405
844,19639951.404663086,12835172.727493286,19639.951404663087,12835.172727493285
845,18753365.555541992,11807722.662094116,18753.365555541994,11807.722662094116
846,19431077.04046631,12396825.811378479,19431.07704046631,12396.82581137848
847,19607166.19708252,12305659.651640415,19607.16619708252,12305.659651640415
848,19219921.3404541,12218318.696411133,19219.9213404541,12218.318696411134
849,20678417.143066406,13620270.517280579,20678.417143066406,13620.270517280578
850,18898416.84423828,11637380.065170288,18898.41684423828,11637.380065170288
851,19628081.384521484,12274365.974731445,19628.081384521483,12274.365974731445
852,19096550.765625,12022523.060895205,19096.550765625,12022.523060895204
853,18802745.654052734,11818540.395978212,18802.745654052735,11818.540395978212
854,19515903.18334961,12569606.460903168,19515.90318334961,12569.606460903167
855,18933350.489868164,11638574.526245117,18933.350489868164,11638.574526245116
856,19932320.4453125,13050418.772888184,19932.3204453125,13050.418772888184
857,19496636.55529785,12180149.736347198,19496.636555297853,12180.149736347199
858,20083974.192871094,12952808.24779892,20083.974192871094,12952.80824779892
859,19974152.65686035,12726723.281799316,19974.15265686035,12726.723281799317
860,19775017.285705566,12433648.787185669,19775.017285705566,12433.64878718567
861,19984513.2376709,12932213.051147461,19984.513237670897,12932.21305114746
862,20534967.024169922,13216338.469985962,20534.96702416992,13216.338469985962
863,17947140.30529785,11314543.590805054,17947.140305297853,11314.543590805053
864,20104039.170043945,12856806.505737305,20104.039170043947,12856.806505737304
865,19310693.826416016,12345089.483032227,19310.693826416016,12345.089483032227
866,19745132.405944824,12545299.439090729,19745.132405944823,12545.299439090728
867,19020865.504760742,11994875.918884277,19020.865504760743,11994.875918884278
868,19246479.560180664,12143881.922866821,19246.479560180665,12143.881922866822
869,19794282.731933594,12706447.364059448,19794.282731933592,12706.447364059448
870,19701607.84399414,12218651.043343782,19701.60784399414,12218.651043343782
871,19731032.560791016,12230210.580215454,19731.032560791016,12230.210580215455
872,19764229.725341797,12752702.015309572,19764.229725341796,12752.702015309573
873,19860869.235839844,12595385.337247133,19860.869235839844,12595.385337247133
874,20104077.529785156,13166806.010815859,20104.077529785158,13166.806010815859
875,20310072.303100586,12933789.94354248,20310.072303100587,12933.78994354248
876,20143773.204711914,12681246.109664917,20143.773204711913,12681.246109664917
877,18951712.860107422,11582857.25024414,18951.712860107422,11582.85725024414
878,19314851.592163086,11859747.958374023,19314.851592163086,11859.747958374024
879,20346541.431762695,12954269.392158508,20346.541431762696,12954.269392158509
880,20102985.166870117,12927246.495483398,20102.985166870116,12927.246495483398
881,18586514.579467773,11455035.411636353,18586.514579467774,11455.035411636352
882,19295443.872558594,12101605.141232729,19295.443872558593,12101.605141232729
883,19813283.893737793,12461246.582801819,19813.283893737793,12461.24658280182
884,19532143.806030273,12208166.763931274,19532.14380603027,12208.166763931275
885,19923282.876159668,12679542.585395813,19923.28287615967,12679.542585395813
886,19233789.657226562,11944299.476379395,19233.789657226564,11944.299476379394
887,18814114.403808594,11781984.161392212,18814.114403808595,11781.984161392213
888,18989857.51171875,11938462.761642456,18989.85751171875,11938.462761642457
889,19210770.66467285,12281681.960906982,19210.77066467285,12281.681960906983
890,19004774.655029297,11782436.52609253,19004.774655029298,11782.43652609253
891,18954559.237121582,11505873.265678406,18954.559237121583,11505.873265678405
892,19686000.252868652,12333099.841171265,19686.000252868653,12333.099841171264
893,20181612.06591797,12970519.549041748,20181.61206591797,12970.519549041748
894,20245871.999267578,13080158.382377625,20245.87199926758,13080.158382377624
895,19556570.16040039,12144513.969825745,19556.57016040039,12144.513969825744
896,19530838.668701172,12311091.188491821,19530.838668701173,12311.09118849182
897,19268253.982910156,11850330.566246033,19268.253982910155,11850.330566246033
898,18607115.5904541,11574040.530075073,18607.1155904541,11574.040530075074
899,18940644.901000977,11874330.646057129,18940.64490100098,11874.33064605713
900,19065391.731567383,11885169.39760828,19065.391731567383,11885.16939760828
901,19391249.213989258,11989508.53130722,19391.249213989257,11989.508531307221
902,18836349.183166504,11994226.944035769,18836.349183166505,11994.226944035769
903,20264802.635498047,12961888.312154055,20264.802635498047,12961.888312154055
904,19942140.160888672,12501042.836193085,19942.140160888674,12501.042836193084
905,19968985.755004883,12735334.945159912,19968.985755004884,12735.334945159912
906,20137784.38623047,12989756.40171814,20137.78438623047,12989.75640171814
907,19435675.999267578,12016740.957237244,19435.67599926758,12016.740957237243
908,19326275.646118164,11780329.18153882,19326.275646118163,11780.32918153882
909,19596543.489868164,12310177.924008608,19596.543489868163,12310.177924008607
910,18839377.391479492,11704824.600306034,18839.37739147949,11704.824600306034
911,18953378.02319336,11781675.467216492,18953.37802319336,11781.675467216492
912,20839674.297912598,13485749.925008059,20839.6742979126,13485.749925008058
913,19997494.314575195,12515037.187042236,19997.494314575197,12515.037187042237
914,20106719.720947266,12761206.639858246,20106.719720947265,12761.206639858246
915,19491811.87536621,12189545.545135498,19491.81187536621,12189.545545135497
916,19478225.95300293,12289118.287734985,19478.22595300293,12289.118287734986
917,19876049.686157227,12552644.375591278,19876.04968615723,12552.644375591279
918,19184876.110839844,12187998.554107666,19184.876110839843,12187.998554107666
919,18763293.15246582,11710576.430786133,18763.29315246582,11710.576430786134
920,19114833.51220703,12273191.276574373,19114.83351220703,12273.191276574373
921,18940307.21032715,11855064.725915194,18940.307210327148,11855.064725915194
922,19496943.25366211,12570083.180999756,19496.94325366211,12570.083180999756
923,18109051.328857422,11262062.874183655,18109.051328857422,11262.062874183655
924,19948330.27368164,12435700.489379883,19948.33027368164,12435.700489379882
925,19054104.4810791,11570940.706352234,19054.104481079103,11570.940706352234
926,18879362.451293945,11866754.949066162,18879.362451293946,11866.754949066162
927,19192363.00024414,12208585.618408203,19192.363000244142,12208.585618408204
928,19033818.913208008,11985858.617047548,19033.818913208008,11985.858617047548
929,18889904.802612305,11637348.751480103,18889.904802612306,11637.348751480102
930,19880153.124023438,12603496.1533432,19880.153124023436,12603.496153343202
931,19978039.042907715,12698653.862197876,19978.039042907716,12698.653862197876
932,18616286.037719727,11462687.927902222,18616.286037719725,11462.687927902221
933,19327999.27105713,12363795.33164215,19327.999271057128,12363.795331642152
934,19828706.175231934,12407448.905220032,19828.706175231935,12407.448905220032
935,20008585.362304688,12747368.208511353,20008.585362304686,12747.368208511352
936,18891293.04272461,11902644.642456055,18891.29304272461,11902.644642456054
937,19518474.872680664,12584089.6720047,19518.474872680665,12584.0896720047
938,18677986.272583008,11643604.607292175,18677.986272583006,11643.604607292174
939,19893090.364013672,13032654.70535779,19893.09036401367,13032.65470535779
940,19225805.49633789,11927105.502929688,19225.80549633789,11927.105502929688
941,18746723.237304688,11716913.057857513,18746.723237304686,11716.913057857513
942,20313865.134399414,12916736.581886292,20313.865134399413,12916.73658188629
943,20181544.483276367,12949989.549835205,20181.544483276368,12949.989549835205
944,19623982.860839844,12376761.716751099,19623.982860839842,12376.761716751098
945,20383692.547851562,13040468.484911442,20383.692547851562,13040.468484911442
946,18903451.688354492,12020434.567695618,18903.451688354493,12020.434567695618
947,19628210.146972656,12468333.679168701,19628.210146972655,12468.333679168702
948,19291309.40258789,12020766.12852478,19291.30940258789,12020.76612852478
949,19755302.127685547,12480406.722305298,19755.302127685547,12480.406722305297
950,20021072.917114258,12514554.862724304,20021.07291711426,12514.554862724304
951,19638925.204833984,12329617.33657837,19638.925204833984,12329.617336578369
952,18800897.353027344,11880634.271347046,18800.897353027343,11880.634271347046
953,17996874.50567627,11155947.03604889,17996.87450567627,11155.947036048889
954,19822916.209106445,12471831.893704653,19822.916209106446,12471.831893704653
955,20207802.87145996,13086531.65356183,20207.80287145996,13086.531653561831
956,19358195.342407227,12207983.770523071,19358.195342407227,12207.983770523071
957,19286508.216552734,12254134.456588745,19286.508216552735,12254.134456588745
958,19307700.14404297,12025935.18732953,19307.70014404297,12025.93518732953
959,18912171.442138672,11807894.61063385,18912.17144213867,11807.89461063385
960,19486761.525756836,12140054.175697327,19486.761525756836,12140.054175697327
961,19402823.278808594,12388684.601041079,19402.823278808595,12388.684601041079
962,19290677.999450684,12096915.890903473,19290.677999450683,12096.915890903472
963,19202975.9263916,12220159.841629028,19202.975926391602,12220.159841629029
964,18944945.416137695,12196151.19616437,18944.945416137696,12196.15119616437
965,19029560.181518555,12092948.922691345,19029.560181518555,12092.948922691345
966,19697683.973632812,12419471.412506104,19697.68397363281,12419.471412506104
967,18286996.819213867,11168522.346420288,18286.996819213866,11168.522346420288
968,19334745.597473145,12019914.61164093,19334.745597473146,12019.91461164093
969,19305352.00012207,12188093.617218018,19305.35200012207,12188.093617218017
970,20183934.356262207,13146531.506484985,20183.934356262205,13146.531506484986
971,19641439.685180664,12436294.840942383,19641.439685180663,12436.294840942383
972,20023586.43395996,12666755.326202393,20023.58643395996,12666.755326202392
973,19245603.845336914,12016167.398231506,19245.603845336915,12016.167398231506
974,18790795.94116211,11874302.760055542,18790.79594116211,11874.302760055542
975,20141421.413085938,12885098.689666748,20141.421413085936,12885.098689666747
976,18609041.057250977,11612354.483347416,18609.041057250975,11612.354483347415
977,19565778.799682617,12634845.439567566,19565.778799682615,12634.845439567565
978,19697264.833129883,12651435.25448227,19697.264833129884,12651.435254482269
979,19705374.34436035,12408037.06968689,19705.374344360353,12408.03706968689
980,18683128.529296875,11836276.737419128,18683.128529296875,11836.276737419128
981,19195933.869506836,12178145.035522461,19195.933869506836,12178.14503552246
982,20243801.40576172,13126846.795669556,20243.80140576172,13126.846795669555
983,19041206.982299805,12124695.389167786,19041.206982299806,12124.695389167786
984,19418793.60534668,12045424.461547852,19418.79360534668,12045.424461547851
985,19057845.913330078,11764636.895439148,19057.84591333008,11764.636895439147
986,18770082.772705078,11637507.27879715,18770.08277270508,11637.50727879715
987,19011462.557617188,11945447.24432373,19011.46255761719,11945.44724432373
988,19396141.760742188,12360266.120773315,19396.141760742186,12360.266120773316
989,18471100.01208496,11239648.291333437,18471.10001208496,11239.648291333437
990,19300657.98638916,12160456.192726135,19300.65798638916,12160.456192726135
991,19360155.156799316,12126844.8204422,19360.155156799316,12126.8448204422
992,19095303.03967285,11936039.707832336,19095.30303967285,11936.039707832337
993,19150624.880615234,12169809.095840454,19150.624880615236,12169.809095840454
994,18805092.557861328,12001113.07220459,18805.092557861328,12001.11307220459
995,19152011.1361084,11935448.945327759,19152.0111361084,11935.448945327758
996,20113502.158447266,12900694.292739868,20113.502158447267,12900.694292739869
997,19485558.59008789,11983920.924842834,19485.55859008789,11983.920924842834
998,19126790.822021484,11900652.17176056,19126.790822021485,11900.65217176056
999,19272582.046875,11901125.1467247,19272.582046875,11901.1251467247
